<?xml version="1.0" encoding="UTF-8"?>
<gpx version="1.1" creator="gpx2reel" xmlns="http://www.topografix.com/GPX/1/1">
  <trk><name>Day 1</name>
    <trkseg>
      <trkpt lat="33.298557" lon="131.502354"><ele>3.0</ele><time>2026-09-20T22:51:44Z</time></trkpt>
      <trkpt lat="33.296303" lon="131.502354"><ele>1.2</ele><time>2026-09-20T22:52:32Z</time></trkpt>
      <trkpt lat="33.296005" lon="131.502427"><ele>2.0</ele><time>2026-09-20T22:52:39Z</time></trkpt>
      <trkpt lat="33.295860" lon="131.502611"><ele>2.0</ele><time>2026-09-20T22:52:46Z</time></trkpt>
      <trkpt lat="33.295639" lon="131.502408"><ele>1.6</ele><time>2026-09-20T22:53:00Z</time></trkpt>
      <trkpt lat="33.294992" lon="131.502367"><ele>2.4</ele><time>2026-09-20T22:53:16Z</time></trkpt>
      <trkpt lat="33.294250" lon="131.502443"><ele>2.0</ele><time>2026-09-20T22:53:33Z</time></trkpt>
      <trkpt lat="33.289822" lon="131.503885"><ele>3.4</ele><time>2026-09-20T22:55:11Z</time></trkpt>
      <trkpt lat="33.289599" lon="131.503893"><ele>3.2</ele><time>2026-09-20T22:55:17Z</time></trkpt>
      <trkpt lat="33.289552" lon="131.501500"><ele>7.6</ele><time>2026-09-20T22:56:14Z</time></trkpt>
      <trkpt lat="33.289509" lon="131.501059"><ele>7.2</ele><time>2026-09-20T22:56:25Z</time></trkpt>
      <trkpt lat="33.289381" lon="131.500658"><ele>8.6</ele><time>2026-09-20T22:56:39Z</time></trkpt>
      <trkpt lat="33.289412" lon="131.498229"><ele>18.2</ele><time>2026-09-20T22:58:11Z</time></trkpt>
      <trkpt lat="33.289347" lon="131.498206"><ele>17.6</ele><time>2026-09-20T22:59:02Z</time></trkpt>
      <trkpt lat="33.289447" lon="131.498169"><ele>17.8</ele><time>2026-09-20T22:59:47Z</time></trkpt>
      <trkpt lat="33.289365" lon="131.498193"><ele>17.0</ele><time>2026-09-20T23:00:05Z</time></trkpt>
      <trkpt lat="33.289381" lon="131.498124"><ele>17.2</ele><time>2026-09-20T23:00:45Z</time></trkpt>
      <trkpt lat="33.289437" lon="131.498208"><ele>17.2</ele><time>2026-09-20T23:01:21Z</time></trkpt>
      <trkpt lat="33.289446" lon="131.498133"><ele>17.2</ele><time>2026-09-20T23:01:27Z</time></trkpt>
      <trkpt lat="33.289363" lon="131.497617"><ele>19.2</ele><time>2026-09-20T23:01:49Z</time></trkpt>
      <trkpt lat="33.289360" lon="131.496339"><ele>25.0</ele><time>2026-09-20T23:02:38Z</time></trkpt>
      <trkpt lat="33.289138" lon="131.496257"><ele>25.4</ele><time>2026-09-20T23:02:48Z</time></trkpt>
      <trkpt lat="33.287030" lon="131.496450"><ele>23.2</ele><time>2026-09-20T23:04:03Z</time></trkpt>
      <trkpt lat="33.287107" lon="131.496511"><ele>22.8</ele><time>2026-09-20T23:04:54Z</time></trkpt>
      <trkpt lat="33.287039" lon="131.496096"><ele>24.4</ele><time>2026-09-20T23:05:11Z</time></trkpt>
      <trkpt lat="33.287059" lon="131.495518"><ele>26.2</ele><time>2026-09-20T23:05:30Z</time></trkpt>
      <trkpt lat="33.286726" lon="131.492988"><ele>39.2</ele><time>2026-09-20T23:07:09Z</time></trkpt>
      <trkpt lat="33.286741" lon="131.492874"><ele>38.6</ele><time>2026-09-20T23:07:15Z</time></trkpt>
      <trkpt lat="33.287381" lon="131.492767"><ele>40.2</ele><time>2026-09-20T23:07:35Z</time></trkpt>
      <trkpt lat="33.287506" lon="131.492653"><ele>40.4</ele><time>2026-09-20T23:07:40Z</time></trkpt>
      <trkpt lat="33.287507" lon="131.491589"><ele>45.2</ele><time>2026-09-20T23:08:13Z</time></trkpt>
      <trkpt lat="33.287444" lon="131.491193"><ele>47.2</ele><time>2026-09-20T23:08:28Z</time></trkpt>
      <trkpt lat="33.287572" lon="131.490055"><ele>52.8</ele><time>2026-09-20T23:09:07Z</time></trkpt>
      <trkpt lat="33.287531" lon="131.489949"><ele>53.4</ele><time>2026-09-20T23:09:12Z</time></trkpt>
      <trkpt lat="33.287102" lon="131.489925"><ele>55.4</ele><time>2026-09-20T23:09:31Z</time></trkpt>
      <trkpt lat="33.287031" lon="131.489547"><ele>57.6</ele><time>2026-09-20T23:09:54Z</time></trkpt>
      <trkpt lat="33.288546" lon="131.488167"><ele>67.2</ele><time>2026-09-20T23:11:17Z</time></trkpt>
      <trkpt lat="33.289064" lon="131.487296"><ele>70.6</ele><time>2026-09-20T23:11:58Z</time></trkpt>
      <trkpt lat="33.289424" lon="131.487065"><ele>73.2</ele><time>2026-09-20T23:12:17Z</time></trkpt>
      <trkpt lat="33.289755" lon="131.484424"><ele>90.4</ele><time>2026-09-20T23:14:04Z</time></trkpt>
      <trkpt lat="33.289723" lon="131.483950"><ele>93.4</ele><time>2026-09-20T23:14:27Z</time></trkpt>
      <trkpt lat="33.289944" lon="131.483059"><ele>97.8</ele><time>2026-09-20T23:15:09Z</time></trkpt>
      <trkpt lat="33.289969" lon="131.482381"><ele>103.2</ele><time>2026-09-20T23:15:55Z</time></trkpt>
      <trkpt lat="33.290090" lon="131.482397"><ele>104.2</ele><time>2026-09-20T23:16:14Z</time></trkpt>
      <trkpt lat="33.290042" lon="131.482327"><ele>103.4</ele><time>2026-09-20T23:16:30Z</time></trkpt>
      <trkpt lat="33.290452" lon="131.482420"><ele>105.2</ele><time>2026-09-20T23:16:48Z</time></trkpt>
      <trkpt lat="33.291323" lon="131.482294"><ele>107.8</ele><time>2026-09-20T23:17:41Z</time></trkpt>
      <trkpt lat="33.291466" lon="131.481338"><ele>113.2</ele><time>2026-09-20T23:18:21Z</time></trkpt>
      <trkpt lat="33.292730" lon="131.476383"><ele>147.2</ele><time>2026-09-20T23:22:08Z</time></trkpt>
      <trkpt lat="33.292853" lon="131.474437"><ele>160.8</ele><time>2026-09-20T23:23:29Z</time></trkpt>
      <trkpt lat="33.292798" lon="131.472078"><ele>177.2</ele><time>2026-09-20T23:25:19Z</time></trkpt>
      <trkpt lat="33.292878" lon="131.471540"><ele>181.4</ele><time>2026-09-20T23:25:46Z</time></trkpt>
      <trkpt lat="33.292972" lon="131.471499"><ele>182.4</ele><time>2026-09-20T23:26:03Z</time></trkpt>
      <trkpt lat="33.292777" lon="131.471502"><ele>182.0</ele><time>2026-09-20T23:28:09Z</time></trkpt>
      <trkpt lat="33.292862" lon="131.471507"><ele>180.8</ele><time>2026-09-20T23:28:42Z</time></trkpt>
      <trkpt lat="33.292847" lon="131.470878"><ele>186.6</ele><time>2026-09-20T23:29:07Z</time></trkpt>
      <trkpt lat="33.293022" lon="131.469621"><ele>196.8</ele><time>2026-09-20T23:30:03Z</time></trkpt>
      <trkpt lat="33.293058" lon="131.468688"><ele>202.6</ele><time>2026-09-20T23:30:45Z</time></trkpt>
      <trkpt lat="33.293051" lon="131.468372"><ele>205.6</ele><time>2026-09-20T23:30:59Z</time></trkpt>
      <trkpt lat="33.292732" lon="131.467386"><ele>213.2</ele><time>2026-09-20T23:31:46Z</time></trkpt>
      <trkpt lat="33.292747" lon="131.466532"><ele>220.2</ele><time>2026-09-20T23:32:29Z</time></trkpt>
      <trkpt lat="33.292917" lon="131.465687"><ele>228.6</ele><time>2026-09-20T23:33:14Z</time></trkpt>
      <trkpt lat="33.292863" lon="131.465278"><ele>234.0</ele><time>2026-09-20T23:33:38Z</time></trkpt>
      <trkpt lat="33.293087" lon="131.464416"><ele>240.2</ele><time>2026-09-20T23:34:58Z</time></trkpt>
      <trkpt lat="33.294046" lon="131.464201"><ele>249.2</ele><time>2026-09-20T23:35:57Z</time></trkpt>
      <trkpt lat="33.293687" lon="131.464006"><ele>247.8</ele><time>2026-09-20T23:36:08Z</time></trkpt>
      <trkpt lat="33.293139" lon="131.463923"><ele>243.0</ele><time>2026-09-20T23:36:20Z</time></trkpt>
      <trkpt lat="33.292964" lon="131.463512"><ele>243.2</ele><time>2026-09-20T23:36:30Z</time></trkpt>
      <trkpt lat="33.292926" lon="131.463027"><ele>246.2</ele><time>2026-09-20T23:36:35Z</time></trkpt>
      <trkpt lat="33.293040" lon="131.462836"><ele>248.0</ele><time>2026-09-20T23:36:39Z</time></trkpt>
      <trkpt lat="33.293093" lon="131.462418"><ele>253.0</ele><time>2026-09-20T23:37:00Z</time></trkpt>
      <trkpt lat="33.293149" lon="131.462406"><ele>253.6</ele><time>2026-09-20T23:38:12Z</time></trkpt>
      <trkpt lat="33.293076" lon="131.461327"><ele>262.2</ele><time>2026-09-20T23:40:08Z</time></trkpt>
      <trkpt lat="33.293298" lon="131.461127"><ele>263.2</ele><time>2026-09-20T23:40:23Z</time></trkpt>
      <trkpt lat="33.293402" lon="131.460527"><ele>270.2</ele><time>2026-09-20T23:40:58Z</time></trkpt>
      <trkpt lat="33.293653" lon="131.460536"><ele>274.0</ele><time>2026-09-20T23:41:18Z</time></trkpt>
      <trkpt lat="33.293908" lon="131.460661"><ele>276.6</ele><time>2026-09-20T23:41:40Z</time></trkpt>
      <trkpt lat="33.294081" lon="131.460543"><ele>277.2</ele><time>2026-09-20T23:42:21Z</time></trkpt>
      <trkpt lat="33.292626" lon="131.460137"><ele>274.2</ele><time>2026-09-20T23:42:56Z</time></trkpt>
      <trkpt lat="33.291963" lon="131.460125"><ele>275.4</ele><time>2026-09-20T23:43:18Z</time></trkpt>
      <trkpt lat="33.291330" lon="131.459974"><ele>276.2</ele><time>2026-09-20T23:43:38Z</time></trkpt>
      <trkpt lat="33.289367" lon="131.459114"><ele>288.6</ele><time>2026-09-20T23:45:02Z</time></trkpt>
      <trkpt lat="33.289320" lon="131.458857"><ele>290.4</ele><time>2026-09-20T23:45:15Z</time></trkpt>
      <trkpt lat="33.289380" lon="131.458739"><ele>291.0</ele><time>2026-09-20T23:45:22Z</time></trkpt>
      <trkpt lat="33.290092" lon="131.458256"><ele>297.0</ele><time>2026-09-20T23:46:09Z</time></trkpt>
      <trkpt lat="33.290442" lon="131.457503"><ele>302.0</ele><time>2026-09-20T23:46:47Z</time></trkpt>
      <trkpt lat="33.290964" lon="131.457041"><ele>307.2</ele><time>2026-09-20T23:47:23Z</time></trkpt>
      <trkpt lat="33.290985" lon="131.456765"><ele>310.0</ele><time>2026-09-20T23:47:36Z</time></trkpt>
      <trkpt lat="33.290845" lon="131.456615"><ele>312.2</ele><time>2026-09-20T23:47:48Z</time></trkpt>
      <trkpt lat="33.289480" lon="131.456209"><ele>324.4</ele><time>2026-09-20T23:49:10Z</time></trkpt>
      <trkpt lat="33.289135" lon="131.456196"><ele>325.6</ele><time>2026-09-20T23:49:26Z</time></trkpt>
      <trkpt lat="33.288903" lon="131.456482"><ele>326.2</ele><time>2026-09-20T23:49:38Z</time></trkpt>
      <trkpt lat="33.288864" lon="131.456876"><ele>328.0</ele><time>2026-09-20T23:49:57Z</time></trkpt>
      <trkpt lat="33.288711" lon="131.457299"><ele>330.8</ele><time>2026-09-20T23:50:18Z</time></trkpt>
      <trkpt lat="33.288237" lon="131.457681"><ele>333.4</ele><time>2026-09-20T23:50:49Z</time></trkpt>
      <trkpt lat="33.288155" lon="131.457854"><ele>333.4</ele><time>2026-09-20T23:51:10Z</time></trkpt>
      <trkpt lat="33.288212" lon="131.457870"><ele>334.0</ele><time>2026-09-20T23:51:22Z</time></trkpt>
      <trkpt lat="33.288084" lon="131.457839"><ele>335.8</ele><time>2026-09-20T23:52:51Z</time></trkpt>
      <trkpt lat="33.288164" lon="131.457904"><ele>336.0</ele><time>2026-09-20T23:53:51Z</time></trkpt>
      <trkpt lat="33.288238" lon="131.457786"><ele>338.0</ele><time>2026-09-20T23:56:32Z</time></trkpt>
      <trkpt lat="33.288299" lon="131.457854"><ele>339.0</ele><time>2026-09-20T23:57:14Z</time></trkpt>
      <trkpt lat="33.288255" lon="131.457811"><ele>338.0</ele><time>2026-09-20T23:57:48Z</time></trkpt>
      <trkpt lat="33.288200" lon="131.457885"><ele>335.2</ele><time>2026-09-20T23:58:20Z</time></trkpt>
      <trkpt lat="33.288157" lon="131.457818"><ele>337.0</ele><time>2026-09-20T23:58:46Z</time></trkpt>
      <trkpt lat="33.288187" lon="131.457878"><ele>335.4</ele><time>2026-09-20T23:59:32Z</time></trkpt>
      <trkpt lat="33.288042" lon="131.457908"><ele>336.8</ele><time>2026-09-20T23:59:48Z</time></trkpt>
      <trkpt lat="33.287480" lon="131.458506"><ele>340.2</ele><time>2026-09-21T00:00:27Z</time></trkpt>
      <trkpt lat="33.287341" lon="131.458538"><ele>341.2</ele><time>2026-09-21T00:00:35Z</time></trkpt>
      <trkpt lat="33.287074" lon="131.458477"><ele>343.2</ele><time>2026-09-21T00:00:53Z</time></trkpt>
      <trkpt lat="33.286408" lon="131.457834"><ele>347.0</ele><time>2026-09-21T00:01:31Z</time></trkpt>
      <trkpt lat="33.285800" lon="131.457801"><ele>351.2</ele><time>2026-09-21T00:02:03Z</time></trkpt>
      <trkpt lat="33.285438" lon="131.457648"><ele>353.6</ele><time>2026-09-21T00:02:27Z</time></trkpt>
      <trkpt lat="33.284885" lon="131.457114"><ele>357.4</ele><time>2026-09-21T00:03:10Z</time></trkpt>
      <trkpt lat="33.284764" lon="131.456705"><ele>359.2</ele><time>2026-09-21T00:03:31Z</time></trkpt>
      <trkpt lat="33.284835" lon="131.455265"><ele>365.4</ele><time>2026-09-21T00:04:39Z</time></trkpt>
      <trkpt lat="33.285187" lon="131.454498"><ele>369.2</ele><time>2026-09-21T00:05:19Z</time></trkpt>
      <trkpt lat="33.285159" lon="131.454226"><ele>370.4</ele><time>2026-09-21T00:05:29Z</time></trkpt>
      <trkpt lat="33.285029" lon="131.453940"><ele>372.2</ele><time>2026-09-21T00:05:41Z</time></trkpt>
      <trkpt lat="33.284792" lon="131.453631"><ele>375.0</ele><time>2026-09-21T00:05:59Z</time></trkpt>
      <trkpt lat="33.284236" lon="131.453358"><ele>379.2</ele><time>2026-09-21T00:06:34Z</time></trkpt>
      <trkpt lat="33.283788" lon="131.452859"><ele>383.4</ele><time>2026-09-21T00:07:10Z</time></trkpt>
      <trkpt lat="33.283664" lon="131.452762"><ele>384.4</ele><time>2026-09-21T00:07:21Z</time></trkpt>
      <trkpt lat="33.283589" lon="131.452813"><ele>385.8</ele><time>2026-09-21T00:08:17Z</time></trkpt>
      <trkpt lat="33.283602" lon="131.452736"><ele>385.0</ele><time>2026-09-21T00:08:54Z</time></trkpt>
      <trkpt lat="33.283292" lon="131.452428"><ele>388.0</ele><time>2026-09-21T00:09:13Z</time></trkpt>
      <trkpt lat="33.282142" lon="131.451727"><ele>394.6</ele><time>2026-09-21T00:10:13Z</time></trkpt>
      <trkpt lat="33.281641" lon="131.451261"><ele>398.6</ele><time>2026-09-21T00:10:43Z</time></trkpt>
      <trkpt lat="33.281350" lon="131.451249"><ele>399.2</ele><time>2026-09-21T00:10:53Z</time></trkpt>
      <trkpt lat="33.280815" lon="131.451577"><ele>404.4</ele><time>2026-09-21T00:11:20Z</time></trkpt>
      <trkpt lat="33.280261" lon="131.451596"><ele>408.8</ele><time>2026-09-21T00:11:56Z</time></trkpt>
      <trkpt lat="33.279956" lon="131.452066"><ele>412.0</ele><time>2026-09-21T00:12:26Z</time></trkpt>
      <trkpt lat="33.279619" lon="131.452363"><ele>414.0</ele><time>2026-09-21T00:12:52Z</time></trkpt>
      <trkpt lat="33.279279" lon="131.452493"><ele>417.8</ele><time>2026-09-21T00:13:24Z</time></trkpt>
      <trkpt lat="33.279284" lon="131.452396"><ele>417.6</ele><time>2026-09-21T00:13:53Z</time></trkpt>
      <trkpt lat="33.279161" lon="131.452346"><ele>419.2</ele><time>2026-09-21T00:14:04Z</time></trkpt>
      <trkpt lat="33.278933" lon="131.453075"><ele>423.0</ele><time>2026-09-21T00:14:42Z</time></trkpt>
      <trkpt lat="33.279190" lon="131.453983"><ele>430.0</ele><time>2026-09-21T00:15:25Z</time></trkpt>
      <trkpt lat="33.279110" lon="131.454204"><ele>431.8</ele><time>2026-09-21T00:15:39Z</time></trkpt>
      <trkpt lat="33.278951" lon="131.454331"><ele>434.0</ele><time>2026-09-21T00:15:54Z</time></trkpt>
      <trkpt lat="33.278707" lon="131.454356"><ele>435.2</ele><time>2026-09-21T00:16:09Z</time></trkpt>
      <trkpt lat="33.278476" lon="131.454256"><ele>436.0</ele><time>2026-09-21T00:16:24Z</time></trkpt>
      <trkpt lat="33.278353" lon="131.454017"><ele>436.8</ele><time>2026-09-21T00:16:38Z</time></trkpt>
      <trkpt lat="33.278331" lon="131.453671"><ele>438.0</ele><time>2026-09-21T00:16:56Z</time></trkpt>
      <trkpt lat="33.278559" lon="131.453254"><ele>440.4</ele><time>2026-09-21T00:17:21Z</time></trkpt>
      <trkpt lat="33.278654" lon="131.452755"><ele>445.0</ele><time>2026-09-21T00:17:46Z</time></trkpt>
      <trkpt lat="33.278459" lon="131.451987"><ele>450.4</ele><time>2026-09-21T00:18:29Z</time></trkpt>
      <trkpt lat="33.277941" lon="131.451195"><ele>456.4</ele><time>2026-09-21T00:19:27Z</time></trkpt>
      <trkpt lat="33.277182" lon="131.450289"><ele>466.8</ele><time>2026-09-21T00:20:40Z</time></trkpt>
      <trkpt lat="33.277125" lon="131.449933"><ele>471.6</ele><time>2026-09-21T00:21:43Z</time></trkpt>
      <trkpt lat="33.277161" lon="131.449640"><ele>471.4</ele><time>2026-09-21T00:22:14Z</time></trkpt>
      <trkpt lat="33.277012" lon="131.449312"><ele>474.2</ele><time>2026-09-21T00:22:30Z</time></trkpt>
      <trkpt lat="33.276775" lon="131.449240"><ele>477.0</ele><time>2026-09-21T00:22:43Z</time></trkpt>
      <trkpt lat="33.276541" lon="131.449536"><ele>480.4</ele><time>2026-09-21T00:22:59Z</time></trkpt>
      <trkpt lat="33.276540" lon="131.449830"><ele>481.2</ele><time>2026-09-21T00:23:14Z</time></trkpt>
      <trkpt lat="33.276738" lon="131.450161"><ele>483.0</ele><time>2026-09-21T00:23:36Z</time></trkpt>
      <trkpt lat="33.276767" lon="131.450366"><ele>484.6</ele><time>2026-09-21T00:23:47Z</time></trkpt>
      <trkpt lat="33.276623" lon="131.450575"><ele>486.4</ele><time>2026-09-21T00:24:02Z</time></trkpt>
      <trkpt lat="33.276380" lon="131.450524"><ele>487.4</ele><time>2026-09-21T00:24:17Z</time></trkpt>
      <trkpt lat="33.276043" lon="131.449331"><ele>495.0</ele><time>2026-09-21T00:25:21Z</time></trkpt>
      <trkpt lat="33.276070" lon="131.449095"><ele>496.6</ele><time>2026-09-21T00:25:34Z</time></trkpt>
      <trkpt lat="33.276214" lon="131.448885"><ele>498.0</ele><time>2026-09-21T00:25:49Z</time></trkpt>
      <trkpt lat="33.276985" lon="131.448742"><ele>502.0</ele><time>2026-09-21T00:26:38Z</time></trkpt>
      <trkpt lat="33.277243" lon="131.448567"><ele>504.0</ele><time>2026-09-21T00:26:52Z</time></trkpt>
      <trkpt lat="33.277383" lon="131.448318"><ele>506.2</ele><time>2026-09-21T00:27:07Z</time></trkpt>
      <trkpt lat="33.277210" lon="131.447387"><ele>514.0</ele><time>2026-09-21T00:27:56Z</time></trkpt>
      <trkpt lat="33.277212" lon="131.446923"><ele>517.4</ele><time>2026-09-21T00:28:19Z</time></trkpt>
      <trkpt lat="33.276764" lon="131.445855"><ele>526.0</ele><time>2026-09-21T00:29:24Z</time></trkpt>
      <trkpt lat="33.276150" lon="131.445567"><ele>531.6</ele><time>2026-09-21T00:30:10Z</time></trkpt>
      <trkpt lat="33.275007" lon="131.445205"><ele>540.2</ele><time>2026-09-21T00:31:30Z</time></trkpt>
      <trkpt lat="33.274788" lon="131.444986"><ele>541.2</ele><time>2026-09-21T00:31:50Z</time></trkpt>
      <trkpt lat="33.274870" lon="131.444965"><ele>541.8</ele><time>2026-09-21T00:32:18Z</time></trkpt>
      <trkpt lat="33.274785" lon="131.444978"><ele>542.8</ele><time>2026-09-21T00:33:31Z</time></trkpt>
      <trkpt lat="33.274823" lon="131.444906"><ele>543.8</ele><time>2026-09-21T00:33:59Z</time></trkpt>
      <trkpt lat="33.274808" lon="131.444961"><ele>543.0</ele><time>2026-09-21T00:34:15Z</time></trkpt>
      <trkpt lat="33.274872" lon="131.444947"><ele>541.8</ele><time>2026-09-21T00:34:36Z</time></trkpt>
      <trkpt lat="33.274793" lon="131.444958"><ele>543.6</ele><time>2026-09-21T00:36:53Z</time></trkpt>
      <trkpt lat="33.274818" lon="131.444858"><ele>543.6</ele><time>2026-09-21T00:37:50Z</time></trkpt>
      <trkpt lat="33.274762" lon="131.444917"><ele>543.6</ele><time>2026-09-21T00:38:06Z</time></trkpt>
      <trkpt lat="33.274367" lon="131.444376"><ele>547.0</ele><time>2026-09-21T00:39:05Z</time></trkpt>
      <trkpt lat="33.273547" lon="131.443516"><ele>553.2</ele><time>2026-09-21T00:40:07Z</time></trkpt>
      <trkpt lat="33.273368" lon="131.443377"><ele>554.4</ele><time>2026-09-21T00:40:19Z</time></trkpt>
      <trkpt lat="33.273078" lon="131.443334"><ele>556.4</ele><time>2026-09-21T00:40:37Z</time></trkpt>
      <trkpt lat="33.272036" lon="131.443429"><ele>564.0</ele><time>2026-09-21T00:41:48Z</time></trkpt>
      <trkpt lat="33.271732" lon="131.443661"><ele>566.6</ele><time>2026-09-21T00:42:09Z</time></trkpt>
      <trkpt lat="33.271655" lon="131.444184"><ele>570.4</ele><time>2026-09-21T00:42:32Z</time></trkpt>
      <trkpt lat="33.271909" lon="131.444747"><ele>574.8</ele><time>2026-09-21T00:43:04Z</time></trkpt>
      <trkpt lat="33.272091" lon="131.445392"><ele>578.0</ele><time>2026-09-21T00:43:39Z</time></trkpt>
      <trkpt lat="33.271904" lon="131.445654"><ele>579.2</ele><time>2026-09-21T00:43:57Z</time></trkpt>
      <trkpt lat="33.271687" lon="131.445634"><ele>580.8</ele><time>2026-09-21T00:44:12Z</time></trkpt>
      <trkpt lat="33.271569" lon="131.445439"><ele>581.8</ele><time>2026-09-21T00:44:25Z</time></trkpt>
      <trkpt lat="33.271442" lon="131.444682"><ele>586.4</ele><time>2026-09-21T00:45:06Z</time></trkpt>
      <trkpt lat="33.271247" lon="131.444407"><ele>589.6</ele><time>2026-09-21T00:45:29Z</time></trkpt>
      <trkpt lat="33.270573" lon="131.444009"><ele>596.0</ele><time>2026-09-21T00:46:21Z</time></trkpt>
      <trkpt lat="33.270379" lon="131.443582"><ele>599.0</ele><time>2026-09-21T00:46:48Z</time></trkpt>
      <trkpt lat="33.270265" lon="131.442791"><ele>603.4</ele><time>2026-09-21T00:47:30Z</time></trkpt>
      <trkpt lat="33.270110" lon="131.442528"><ele>604.6</ele><time>2026-09-21T00:47:45Z</time></trkpt>
      <trkpt lat="33.269903" lon="131.442365"><ele>604.6</ele><time>2026-09-21T00:47:55Z</time></trkpt>
      <trkpt lat="33.268828" lon="131.442487"><ele>605.6</ele><time>2026-09-21T00:48:30Z</time></trkpt>
      <trkpt lat="33.268411" lon="131.442760"><ele>608.6</ele><time>2026-09-21T00:48:51Z</time></trkpt>
      <trkpt lat="33.267245" lon="131.445210"><ele>604.0</ele><time>2026-09-21T00:49:36Z</time></trkpt>
      <trkpt lat="33.267090" lon="131.445657"><ele>603.0</ele><time>2026-09-21T00:49:42Z</time></trkpt>
      <trkpt lat="33.267083" lon="131.446726"><ele>597.6</ele><time>2026-09-21T00:49:52Z</time></trkpt>
      <trkpt lat="33.266968" lon="131.447398"><ele>594.4</ele><time>2026-09-21T00:49:58Z</time></trkpt>
      <trkpt lat="33.266649" lon="131.448224"><ele>588.6</ele><time>2026-09-21T00:50:05Z</time></trkpt>
      <trkpt lat="33.266121" lon="131.449174"><ele>586.4</ele><time>2026-09-21T00:50:15Z</time></trkpt>
      <trkpt lat="33.266111" lon="131.449413"><ele>586.4</ele><time>2026-09-21T00:50:18Z</time></trkpt>
      <trkpt lat="33.266386" lon="131.450087"><ele>585.0</ele><time>2026-09-21T00:50:26Z</time></trkpt>
      <trkpt lat="33.266240" lon="131.450677"><ele>585.6</ele><time>2026-09-21T00:50:35Z</time></trkpt>
      <trkpt lat="33.265791" lon="131.451026"><ele>588.6</ele><time>2026-09-21T00:50:49Z</time></trkpt>
      <trkpt lat="33.264998" lon="131.451373"><ele>594.8</ele><time>2026-09-21T00:51:38Z</time></trkpt>
      <trkpt lat="33.264297" lon="131.451846"><ele>601.0</ele><time>2026-09-21T00:52:37Z</time></trkpt>
      <trkpt lat="33.263846" lon="131.452539"><ele>605.6</ele><time>2026-09-21T00:53:59Z</time></trkpt>
      <trkpt lat="33.263900" lon="131.452520"><ele>604.6</ele><time>2026-09-21T00:54:13Z</time></trkpt>
      <trkpt lat="33.263804" lon="131.452566"><ele>605.0</ele><time>2026-09-21T00:54:42Z</time></trkpt>
      <trkpt lat="33.263946" lon="131.453047"><ele>601.4</ele><time>2026-09-21T00:56:55Z</time></trkpt>
      <trkpt lat="33.263953" lon="131.452700"><ele>603.4</ele><time>2026-09-21T00:58:28Z</time></trkpt>
      <trkpt lat="33.263910" lon="131.452531"><ele>605.8</ele><time>2026-09-21T00:58:48Z</time></trkpt>
      <trkpt lat="33.263831" lon="131.452580"><ele>607.4</ele><time>2026-09-21T00:59:12Z</time></trkpt>
      <trkpt lat="33.263938" lon="131.452490"><ele>607.6</ele><time>2026-09-21T01:00:26Z</time></trkpt>
      <trkpt lat="33.263837" lon="131.452517"><ele>607.6</ele><time>2026-09-21T01:04:23Z</time></trkpt>
      <trkpt lat="33.263930" lon="131.452577"><ele>607.2</ele><time>2026-09-21T01:05:02Z</time></trkpt>
      <trkpt lat="33.263871" lon="131.452519"><ele>607.2</ele><time>2026-09-21T01:05:23Z</time></trkpt>
      <trkpt lat="33.263876" lon="131.452601"><ele>607.2</ele><time>2026-09-21T01:06:05Z</time></trkpt>
      <trkpt lat="33.263940" lon="131.452559"><ele>607.2</ele><time>2026-09-21T01:06:14Z</time></trkpt>
      <trkpt lat="33.263821" lon="131.452538"><ele>607.2</ele><time>2026-09-21T01:08:09Z</time></trkpt>
      <trkpt lat="33.263989" lon="131.452532"><ele>607.2</ele><time>2026-09-21T01:08:44Z</time></trkpt>
      <trkpt lat="33.263896" lon="131.452559"><ele>607.2</ele><time>2026-09-21T01:09:11Z</time></trkpt>
      <trkpt lat="33.263883" lon="131.452472"><ele>607.2</ele><time>2026-09-21T01:11:25Z</time></trkpt>
      <trkpt lat="33.263912" lon="131.452567"><ele>607.2</ele><time>2026-09-21T01:12:42Z</time></trkpt>
      <trkpt lat="33.263848" lon="131.452486"><ele>607.2</ele><time>2026-09-21T01:13:03Z</time></trkpt>
      <trkpt lat="33.263906" lon="131.452577"><ele>607.2</ele><time>2026-09-21T01:14:54Z</time></trkpt>
      <trkpt lat="33.263936" lon="131.452490"><ele>607.2</ele><time>2026-09-21T01:15:19Z</time></trkpt>
      <trkpt lat="33.263931" lon="131.452582"><ele>607.2</ele><time>2026-09-21T01:15:53Z</time></trkpt>
      <trkpt lat="33.263987" lon="131.452562"><ele>607.2</ele><time>2026-09-21T01:16:09Z</time></trkpt>
      <trkpt lat="33.263767" lon="131.452512"><ele>607.2</ele><time>2026-09-21T01:17:39Z</time></trkpt>
      <trkpt lat="33.263970" lon="131.452565"><ele>607.2</ele><time>2026-09-21T01:19:41Z</time></trkpt>
      <trkpt lat="33.263902" lon="131.452594"><ele>607.2</ele><time>2026-09-21T01:20:22Z</time></trkpt>
      <trkpt lat="33.263831" lon="131.452470"><ele>607.2</ele><time>2026-09-21T01:21:55Z</time></trkpt>
      <trkpt lat="33.263925" lon="131.452492"><ele>607.2</ele><time>2026-09-21T01:22:23Z</time></trkpt>
      <trkpt lat="33.263853" lon="131.452534"><ele>607.2</ele><time>2026-09-21T01:22:37Z</time></trkpt>
      <trkpt lat="33.263801" lon="131.452396"><ele>607.2</ele><time>2026-09-21T01:23:11Z</time></trkpt>
      <trkpt lat="33.263952" lon="131.452618"><ele>607.2</ele><time>2026-09-21T01:25:57Z</time></trkpt>
      <trkpt lat="33.263844" lon="131.452579"><ele>607.2</ele><time>2026-09-21T01:27:00Z</time></trkpt>
      <trkpt lat="33.263924" lon="131.452617"><ele>607.2</ele><time>2026-09-21T01:27:22Z</time></trkpt>
      <trkpt lat="33.263847" lon="131.452473"><ele>607.2</ele><time>2026-09-21T01:28:28Z</time></trkpt>
      <trkpt lat="33.263866" lon="131.452555"><ele>607.2</ele><time>2026-09-21T01:30:00Z</time></trkpt>
      <trkpt lat="33.263935" lon="131.452508"><ele>607.2</ele><time>2026-09-21T01:31:05Z</time></trkpt>
      <trkpt lat="33.263931" lon="131.452586"><ele>607.2</ele><time>2026-09-21T01:31:25Z</time></trkpt>
      <trkpt lat="33.263913" lon="131.452462"><ele>607.2</ele><time>2026-09-21T01:32:39Z</time></trkpt>
      <trkpt lat="33.263855" lon="131.452460"><ele>607.2</ele><time>2026-09-21T01:33:20Z</time></trkpt>
      <trkpt lat="33.263958" lon="131.452488"><ele>607.6</ele><time>2026-09-21T01:33:37Z</time></trkpt>
      <trkpt lat="33.264018" lon="131.452305"><ele>608.2</ele><time>2026-09-21T01:34:03Z</time></trkpt>
      <trkpt lat="33.264457" lon="131.452398"><ele>609.8</ele><time>2026-09-21T01:35:01Z</time></trkpt>
      <trkpt lat="33.264572" lon="131.452259"><ele>610.2</ele><time>2026-09-21T01:35:16Z</time></trkpt>
      <trkpt lat="33.264532" lon="131.452168"><ele>610.8</ele><time>2026-09-21T01:35:27Z</time></trkpt>
      <trkpt lat="33.264479" lon="131.452342"><ele>611.4</ele><time>2026-09-21T01:37:01Z</time></trkpt>
      <trkpt lat="33.264565" lon="131.452346"><ele>611.2</ele><time>2026-09-21T01:37:07Z</time></trkpt>
      <trkpt lat="33.264289" lon="131.452392"><ele>609.4</ele><time>2026-09-21T01:37:47Z</time></trkpt>
      <trkpt lat="33.264007" lon="131.452278"><ele>608.2</ele><time>2026-09-21T01:38:13Z</time></trkpt>
      <trkpt lat="33.263884" lon="131.452460"><ele>609.4</ele><time>2026-09-21T01:38:32Z</time></trkpt>
      <trkpt lat="33.263928" lon="131.452557"><ele>608.4</ele><time>2026-09-21T01:39:28Z</time></trkpt>
      <trkpt lat="33.263897" lon="131.452469"><ele>607.4</ele><time>2026-09-21T01:40:04Z</time></trkpt>
      <trkpt lat="33.264160" lon="131.451990"><ele>607.8</ele><time>2026-09-21T01:40:50Z</time></trkpt>
      <trkpt lat="33.264549" lon="131.451603"><ele>604.8</ele><time>2026-09-21T01:40:58Z</time></trkpt>
      <trkpt lat="33.265228" lon="131.451220"><ele>599.4</ele><time>2026-09-21T01:41:07Z</time></trkpt>
      <trkpt lat="33.266034" lon="131.450930"><ele>593.6</ele><time>2026-09-21T01:41:16Z</time></trkpt>
      <trkpt lat="33.266379" lon="131.450659"><ele>591.0</ele><time>2026-09-21T01:41:21Z</time></trkpt>
      <trkpt lat="33.266432" lon="131.450401"><ele>590.6</ele><time>2026-09-21T01:41:23Z</time></trkpt>
      <trkpt lat="33.266108" lon="131.449427"><ele>589.6</ele><time>2026-09-21T01:41:33Z</time></trkpt>
      <trkpt lat="33.266075" lon="131.449135"><ele>589.8</ele><time>2026-09-21T01:41:37Z</time></trkpt>
      <trkpt lat="33.266448" lon="131.448533"><ele>589.8</ele><time>2026-09-21T01:41:47Z</time></trkpt>
      <trkpt lat="33.266952" lon="131.447321"><ele>595.4</ele><time>2026-09-21T01:42:19Z</time></trkpt>
      <trkpt lat="33.267117" lon="131.445478"><ele>608.4</ele><time>2026-09-21T01:44:12Z</time></trkpt>
      <trkpt lat="33.268406" lon="131.442677"><ele>613.4</ele><time>2026-09-21T01:46:03Z</time></trkpt>
      <trkpt lat="33.268630" lon="131.442487"><ele>612.6</ele><time>2026-09-21T01:46:10Z</time></trkpt>
      <trkpt lat="33.269711" lon="131.442398"><ele>608.6</ele><time>2026-09-21T01:46:34Z</time></trkpt>
      <trkpt lat="33.269868" lon="131.442314"><ele>609.4</ele><time>2026-09-21T01:46:41Z</time></trkpt>
      <trkpt lat="33.269578" lon="131.441706"><ele>611.0</ele><time>2026-09-21T01:46:56Z</time></trkpt>
      <trkpt lat="33.269568" lon="131.441379"><ele>611.2</ele><time>2026-09-21T01:47:03Z</time></trkpt>
      <trkpt lat="33.269712" lon="131.440565"><ele>612.2</ele><time>2026-09-21T01:47:22Z</time></trkpt>
      <trkpt lat="33.269701" lon="131.439939"><ele>613.2</ele><time>2026-09-21T01:47:39Z</time></trkpt>
      <trkpt lat="33.269431" lon="131.439162"><ele>615.4</ele><time>2026-09-21T01:48:02Z</time></trkpt>
      <trkpt lat="33.269356" lon="131.438140"><ele>618.4</ele><time>2026-09-21T01:48:33Z</time></trkpt>
      <trkpt lat="33.268918" lon="131.436861"><ele>623.6</ele><time>2026-09-21T01:49:22Z</time></trkpt>
      <trkpt lat="33.269220" lon="131.436106"><ele>627.2</ele><time>2026-09-21T01:49:55Z</time></trkpt>
      <trkpt lat="33.269988" lon="131.435383"><ele>630.4</ele><time>2026-09-21T01:50:41Z</time></trkpt>
      <trkpt lat="33.270463" lon="131.434351"><ele>636.6</ele><time>2026-09-21T01:51:33Z</time></trkpt>
      <trkpt lat="33.270483" lon="131.433823"><ele>638.6</ele><time>2026-09-21T01:52:00Z</time></trkpt>
      <trkpt lat="33.270277" lon="131.433126"><ele>642.4</ele><time>2026-09-21T01:52:35Z</time></trkpt>
      <trkpt lat="33.270344" lon="131.432479"><ele>644.6</ele><time>2026-09-21T01:53:06Z</time></trkpt>
      <trkpt lat="33.270117" lon="131.432189"><ele>646.2</ele><time>2026-09-21T01:53:25Z</time></trkpt>
      <trkpt lat="33.269673" lon="131.432116"><ele>648.8</ele><time>2026-09-21T01:53:50Z</time></trkpt>
      <trkpt lat="33.269360" lon="131.431794"><ele>650.6</ele><time>2026-09-21T01:54:12Z</time></trkpt>
      <trkpt lat="33.269123" lon="131.431780"><ele>651.2</ele><time>2026-09-21T01:54:23Z</time></trkpt>
      <trkpt lat="33.268621" lon="131.432054"><ele>654.2</ele><time>2026-09-21T01:54:53Z</time></trkpt>
      <trkpt lat="33.268378" lon="131.432026"><ele>654.2</ele><time>2026-09-21T01:55:04Z</time></trkpt>
      <trkpt lat="33.268112" lon="131.431888"><ele>655.4</ele><time>2026-09-21T01:55:18Z</time></trkpt>
      <trkpt lat="33.268026" lon="131.431552"><ele>657.0</ele><time>2026-09-21T01:55:35Z</time></trkpt>
      <trkpt lat="33.268127" lon="131.431332"><ele>657.2</ele><time>2026-09-21T01:55:48Z</time></trkpt>
      <trkpt lat="33.268676" lon="131.430948"><ele>659.6</ele><time>2026-09-21T01:56:16Z</time></trkpt>
      <trkpt lat="33.268974" lon="131.430595"><ele>661.8</ele><time>2026-09-21T01:56:39Z</time></trkpt>
      <trkpt lat="33.269002" lon="131.430678"><ele>663.8</ele><time>2026-09-21T01:57:52Z</time></trkpt>
      <trkpt lat="33.268980" lon="131.430611"><ele>662.8</ele><time>2026-09-21T01:58:29Z</time></trkpt>
      <trkpt lat="33.269106" lon="131.430583"><ele>662.4</ele><time>2026-09-21T01:58:51Z</time></trkpt>
      <trkpt lat="33.269563" lon="131.430553"><ele>665.2</ele><time>2026-09-21T01:59:15Z</time></trkpt>
      <trkpt lat="33.269788" lon="131.430369"><ele>665.6</ele><time>2026-09-21T01:59:26Z</time></trkpt>
      <trkpt lat="33.269841" lon="131.430208"><ele>666.2</ele><time>2026-09-21T01:59:33Z</time></trkpt>
      <trkpt lat="33.269796" lon="131.429672"><ele>669.4</ele><time>2026-09-21T01:59:57Z</time></trkpt>
      <trkpt lat="33.269967" lon="131.429243"><ele>673.2</ele><time>2026-09-21T02:00:23Z</time></trkpt>
      <trkpt lat="33.270131" lon="131.429031"><ele>674.8</ele><time>2026-09-21T02:00:40Z</time></trkpt>
      <trkpt lat="33.270755" lon="131.428735"><ele>677.2</ele><time>2026-09-21T02:01:19Z</time></trkpt>
      <trkpt lat="33.270820" lon="131.428491"><ele>678.8</ele><time>2026-09-21T02:01:34Z</time></trkpt>
      <trkpt lat="33.270813" lon="131.427947"><ele>681.4</ele><time>2026-09-21T02:02:02Z</time></trkpt>
      <trkpt lat="33.271105" lon="131.427195"><ele>686.4</ele><time>2026-09-21T02:02:46Z</time></trkpt>
      <trkpt lat="33.271117" lon="131.426985"><ele>686.2</ele><time>2026-09-21T02:02:55Z</time></trkpt>
      <trkpt lat="33.270858" lon="131.426735"><ele>687.2</ele><time>2026-09-21T02:03:06Z</time></trkpt>
      <trkpt lat="33.270424" lon="131.426727"><ele>689.0</ele><time>2026-09-21T02:03:24Z</time></trkpt>
      <trkpt lat="33.269429" lon="131.427503"><ele>694.4</ele><time>2026-09-21T02:04:30Z</time></trkpt>
      <trkpt lat="33.269183" lon="131.427576"><ele>694.0</ele><time>2026-09-21T02:04:43Z</time></trkpt>
      <trkpt lat="33.268759" lon="131.427411"><ele>693.6</ele><time>2026-09-21T02:05:01Z</time></trkpt>
      <trkpt lat="33.268495" lon="131.426974"><ele>693.6</ele><time>2026-09-21T02:05:17Z</time></trkpt>
      <trkpt lat="33.268454" lon="131.426488"><ele>693.6</ele><time>2026-09-21T02:05:30Z</time></trkpt>
      <trkpt lat="33.269839" lon="131.423129"><ele>702.0</ele><time>2026-09-21T02:07:12Z</time></trkpt>
      <trkpt lat="33.269716" lon="131.422602"><ele>702.0</ele><time>2026-09-21T02:07:26Z</time></trkpt>
      <trkpt lat="33.269360" lon="131.422092"><ele>702.6</ele><time>2026-09-21T02:07:48Z</time></trkpt>
      <trkpt lat="33.268519" lon="131.420129"><ele>705.4</ele><time>2026-09-21T02:08:54Z</time></trkpt>
      <trkpt lat="33.268434" lon="131.418548"><ele>708.0</ele><time>2026-09-21T02:09:43Z</time></trkpt>
      <trkpt lat="33.268581" lon="131.418169"><ele>708.4</ele><time>2026-09-21T02:09:58Z</time></trkpt>
      <trkpt lat="33.268631" lon="131.418231"><ele>709.6</ele><time>2026-09-21T02:10:51Z</time></trkpt>
      <trkpt lat="33.268569" lon="131.418169"><ele>709.4</ele><time>2026-09-21T02:12:11Z</time></trkpt>
      <trkpt lat="33.268599" lon="131.418099"><ele>709.4</ele><time>2026-09-21T02:12:18Z</time></trkpt>
      <trkpt lat="33.268920" lon="131.417644"><ele>710.2</ele><time>2026-09-21T02:12:35Z</time></trkpt>
      <trkpt lat="33.269672" lon="131.416978"><ele>712.6</ele><time>2026-09-21T02:13:09Z</time></trkpt>
      <trkpt lat="33.270275" lon="131.416722"><ele>711.6</ele><time>2026-09-21T02:13:29Z</time></trkpt>
      <trkpt lat="33.271134" lon="131.416680"><ele>711.2</ele><time>2026-09-21T02:13:54Z</time></trkpt>
      <trkpt lat="33.272207" lon="131.416456"><ele>711.6</ele><time>2026-09-21T02:14:22Z</time></trkpt>
      <trkpt lat="33.272680" lon="131.416437"><ele>711.4</ele><time>2026-09-21T02:14:34Z</time></trkpt>
      <trkpt lat="33.273079" lon="131.416350"><ele>711.0</ele><time>2026-09-21T02:14:43Z</time></trkpt>
      <trkpt lat="33.273361" lon="131.416176"><ele>711.2</ele><time>2026-09-21T02:14:49Z</time></trkpt>
      <trkpt lat="33.274548" lon="131.414919"><ele>715.2</ele><time>2026-09-21T02:15:45Z</time></trkpt>
      <trkpt lat="33.274769" lon="131.414538"><ele>717.0</ele><time>2026-09-21T02:16:03Z</time></trkpt>
      <trkpt lat="33.274897" lon="131.414035"><ele>718.6</ele><time>2026-09-21T02:16:21Z</time></trkpt>
      <trkpt lat="33.274820" lon="131.412401"><ele>720.2</ele><time>2026-09-21T02:17:14Z</time></trkpt>
      <trkpt lat="33.274397" lon="131.411736"><ele>722.4</ele><time>2026-09-21T02:17:44Z</time></trkpt>
      <trkpt lat="33.273737" lon="131.411481"><ele>725.8</ele><time>2026-09-21T02:18:21Z</time></trkpt>
      <trkpt lat="33.273249" lon="131.411166"><ele>728.2</ele><time>2026-09-21T02:18:49Z</time></trkpt>
      <trkpt lat="33.272169" lon="131.409849"><ele>735.8</ele><time>2026-09-21T02:20:04Z</time></trkpt>
      <trkpt lat="33.271547" lon="131.409466"><ele>739.2</ele><time>2026-09-21T02:20:41Z</time></trkpt>
      <trkpt lat="33.271032" lon="131.408947"><ele>741.4</ele><time>2026-09-21T02:21:16Z</time></trkpt>
      <trkpt lat="33.270880" lon="131.408861"><ele>742.2</ele><time>2026-09-21T02:21:34Z</time></trkpt>
      <trkpt lat="33.270782" lon="131.408916"><ele>743.4</ele><time>2026-09-21T02:22:48Z</time></trkpt>
      <trkpt lat="33.270935" lon="131.408832"><ele>744.2</ele><time>2026-09-21T02:23:34Z</time></trkpt>
      <trkpt lat="33.270967" lon="131.408959"><ele>744.6</ele><time>2026-09-21T02:24:19Z</time></trkpt>
      <trkpt lat="33.270739" lon="131.408600"><ele>743.8</ele><time>2026-09-21T02:25:37Z</time></trkpt>
      <trkpt lat="33.270065" lon="131.408015"><ele>746.4</ele><time>2026-09-21T02:26:15Z</time></trkpt>
      <trkpt lat="33.269837" lon="131.407917"><ele>747.2</ele><time>2026-09-21T02:26:27Z</time></trkpt>
      <trkpt lat="33.268492" lon="131.407852"><ele>754.4</ele><time>2026-09-21T02:27:31Z</time></trkpt>
      <trkpt lat="33.268214" lon="131.407704"><ele>758.2</ele><time>2026-09-21T02:27:51Z</time></trkpt>
      <trkpt lat="33.267912" lon="131.407341"><ele>759.8</ele><time>2026-09-21T02:28:20Z</time></trkpt>
      <trkpt lat="33.267791" lon="131.406600"><ele>763.4</ele><time>2026-09-21T02:28:59Z</time></trkpt>
      <trkpt lat="33.267721" lon="131.405295"><ele>770.4</ele><time>2026-09-21T02:29:54Z</time></trkpt>
      <trkpt lat="33.267793" lon="131.403015"><ele>774.2</ele><time>2026-09-21T02:31:05Z</time></trkpt>
      <trkpt lat="33.267500" lon="131.402471"><ele>774.6</ele><time>2026-09-21T02:31:21Z</time></trkpt>
      <trkpt lat="33.266682" lon="131.401623"><ele>774.8</ele><time>2026-09-21T02:31:46Z</time></trkpt>
      <trkpt lat="33.266362" lon="131.401170"><ele>775.8</ele><time>2026-09-21T02:31:59Z</time></trkpt>
      <trkpt lat="33.265443" lon="131.399001"><ele>781.8</ele><time>2026-09-21T02:33:13Z</time></trkpt>
      <trkpt lat="33.265283" lon="131.398313"><ele>785.6</ele><time>2026-09-21T02:33:42Z</time></trkpt>
      <trkpt lat="33.265371" lon="131.398287"><ele>786.6</ele><time>2026-09-21T02:35:08Z</time></trkpt>
      <trkpt lat="33.265198" lon="131.397733"><ele>786.4</ele><time>2026-09-21T02:35:47Z</time></trkpt>
      <trkpt lat="33.265062" lon="131.396900"><ele>787.0</ele><time>2026-09-21T02:36:04Z</time></trkpt>
      <trkpt lat="33.264690" lon="131.393796"><ele>780.6</ele><time>2026-09-21T02:36:54Z</time></trkpt>
      <trkpt lat="33.264529" lon="131.393477"><ele>778.4</ele><time>2026-09-21T02:36:59Z</time></trkpt>
      <trkpt lat="33.263691" lon="131.393331"><ele>773.0</ele><time>2026-09-21T02:37:09Z</time></trkpt>
      <trkpt lat="33.263419" lon="131.393186"><ele>770.0</ele><time>2026-09-21T02:37:12Z</time></trkpt>
      <trkpt lat="33.263173" lon="131.392946"><ele>769.6</ele><time>2026-09-21T02:37:15Z</time></trkpt>
      <trkpt lat="33.262923" lon="131.392541"><ele>766.6</ele><time>2026-09-21T02:37:19Z</time></trkpt>
      <trkpt lat="33.262892" lon="131.392016"><ele>762.6</ele><time>2026-09-21T02:37:23Z</time></trkpt>
      <trkpt lat="33.263145" lon="131.389284"><ele>744.4</ele><time>2026-09-21T02:37:46Z</time></trkpt>
      <trkpt lat="33.263106" lon="131.388874"><ele>740.6</ele><time>2026-09-21T02:37:50Z</time></trkpt>
      <trkpt lat="33.262923" lon="131.388456"><ele>737.4</ele><time>2026-09-21T02:37:54Z</time></trkpt>
      <trkpt lat="33.262537" lon="131.388221"><ele>733.8</ele><time>2026-09-21T02:37:58Z</time></trkpt>
      <trkpt lat="33.261933" lon="131.388038"><ele>726.4</ele><time>2026-09-21T02:38:04Z</time></trkpt>
      <trkpt lat="33.261608" lon="131.387738"><ele>723.8</ele><time>2026-09-21T02:38:08Z</time></trkpt>
      <trkpt lat="33.261367" lon="131.386995"><ele>721.2</ele><time>2026-09-21T02:38:15Z</time></trkpt>
      <trkpt lat="33.261523" lon="131.385449"><ele>710.4</ele><time>2026-09-21T02:38:29Z</time></trkpt>
      <trkpt lat="33.261512" lon="131.384803"><ele>705.6</ele><time>2026-09-21T02:38:35Z</time></trkpt>
      <trkpt lat="33.261287" lon="131.384419"><ele>701.6</ele><time>2026-09-21T02:38:39Z</time></trkpt>
      <trkpt lat="33.260097" lon="131.383590"><ele>695.2</ele><time>2026-09-21T02:38:53Z</time></trkpt>
      <trkpt lat="33.259881" lon="131.383164"><ele>693.0</ele><time>2026-09-21T02:38:58Z</time></trkpt>
      <trkpt lat="33.260002" lon="131.382779"><ele>692.4</ele><time>2026-09-21T02:39:02Z</time></trkpt>
      <trkpt lat="33.260308" lon="131.382499"><ele>688.6</ele><time>2026-09-21T02:39:06Z</time></trkpt>
      <trkpt lat="33.261266" lon="131.382812"><ele>681.2</ele><time>2026-09-21T02:39:16Z</time></trkpt>
      <trkpt lat="33.261489" lon="131.382996"><ele>677.8</ele><time>2026-09-21T02:39:37Z</time></trkpt>
      <trkpt lat="33.261863" lon="131.383625"><ele>674.6</ele><time>2026-09-21T02:42:07Z</time></trkpt>
      <trkpt lat="33.262810" lon="131.384701"><ele>668.4</ele><time>2026-09-21T02:42:23Z</time></trkpt>
      <trkpt lat="33.263190" lon="131.384819"><ele>666.2</ele><time>2026-09-21T02:42:27Z</time></trkpt>
      <trkpt lat="33.263546" lon="131.384622"><ele>663.8</ele><time>2026-09-21T02:42:31Z</time></trkpt>
      <trkpt lat="33.263680" lon="131.384259"><ele>662.4</ele><time>2026-09-21T02:42:34Z</time></trkpt>
      <trkpt lat="33.264020" lon="131.383751"><ele>659.8</ele><time>2026-09-21T02:42:40Z</time></trkpt>
      <trkpt lat="33.264760" lon="131.383192"><ele>654.8</ele><time>2026-09-21T02:42:50Z</time></trkpt>
      <trkpt lat="33.264884" lon="131.382947"><ele>653.2</ele><time>2026-09-21T02:42:53Z</time></trkpt>
      <trkpt lat="33.264872" lon="131.382796"><ele>652.2</ele><time>2026-09-21T02:42:55Z</time></trkpt>
      <trkpt lat="33.264559" lon="131.382414"><ele>649.0</ele><time>2026-09-21T02:43:00Z</time></trkpt>
      <trkpt lat="33.264217" lon="131.382540"><ele>647.2</ele><time>2026-09-21T02:43:04Z</time></trkpt>
      <trkpt lat="33.263571" lon="131.383580"><ele>643.2</ele><time>2026-09-21T02:43:14Z</time></trkpt>
      <trkpt lat="33.263310" lon="131.383783"><ele>641.8</ele><time>2026-09-21T02:43:17Z</time></trkpt>
      <trkpt lat="33.262889" lon="131.383895"><ele>639.8</ele><time>2026-09-21T02:43:21Z</time></trkpt>
      <trkpt lat="33.262751" lon="131.383826"><ele>638.6</ele><time>2026-09-21T02:43:23Z</time></trkpt>
      <trkpt lat="33.262722" lon="131.383609"><ele>637.0</ele><time>2026-09-21T02:43:26Z</time></trkpt>
      <trkpt lat="33.262014" lon="131.382501"><ele>633.0</ele><time>2026-09-21T02:43:35Z</time></trkpt>
      <trkpt lat="33.261165" lon="131.381673"><ele>627.0</ele><time>2026-09-21T02:43:45Z</time></trkpt>
      <trkpt lat="33.259988" lon="131.381198"><ele>620.0</ele><time>2026-09-21T02:43:57Z</time></trkpt>
      <trkpt lat="33.259443" lon="131.381304"><ele>617.2</ele><time>2026-09-21T02:44:03Z</time></trkpt>
      <trkpt lat="33.258682" lon="131.381233"><ele>613.2</ele><time>2026-09-21T02:44:11Z</time></trkpt>
      <trkpt lat="33.257980" lon="131.380888"><ele>610.6</ele><time>2026-09-21T02:44:18Z</time></trkpt>
      <trkpt lat="33.257701" lon="131.380649"><ele>609.4</ele><time>2026-09-21T02:44:21Z</time></trkpt>
      <trkpt lat="33.257614" lon="131.380427"><ele>609.0</ele><time>2026-09-21T02:44:23Z</time></trkpt>
      <trkpt lat="33.257615" lon="131.379621"><ele>605.0</ele><time>2026-09-21T02:44:30Z</time></trkpt>
      <trkpt lat="33.258185" lon="131.379878"><ele>603.8</ele><time>2026-09-21T02:44:33Z</time></trkpt>
      <trkpt lat="33.258799" lon="131.380352"><ele>600.8</ele><time>2026-09-21T02:44:42Z</time></trkpt>
      <trkpt lat="33.259173" lon="131.380532"><ele>597.6</ele><time>2026-09-21T02:44:54Z</time></trkpt>
      <trkpt lat="33.258932" lon="131.380383"><ele>598.2</ele><time>2026-09-21T02:45:39Z</time></trkpt>
      <trkpt lat="33.258903" lon="131.380285"><ele>598.2</ele><time>2026-09-21T02:45:44Z</time></trkpt>
      <trkpt lat="33.259047" lon="131.378697"><ele>592.4</ele><time>2026-09-21T02:46:13Z</time></trkpt>
      <trkpt lat="33.259384" lon="131.378526"><ele>591.0</ele><time>2026-09-21T02:46:19Z</time></trkpt>
      <trkpt lat="33.259826" lon="131.378540"><ele>587.0</ele><time>2026-09-21T02:46:25Z</time></trkpt>
      <trkpt lat="33.260101" lon="131.378288"><ele>583.6</ele><time>2026-09-21T02:46:30Z</time></trkpt>
      <trkpt lat="33.260002" lon="131.378030"><ele>581.6</ele><time>2026-09-21T02:46:34Z</time></trkpt>
      <trkpt lat="33.259583" lon="131.377882"><ele>578.2</ele><time>2026-09-21T02:46:40Z</time></trkpt>
      <trkpt lat="33.259199" lon="131.377511"><ele>575.6</ele><time>2026-09-21T02:46:45Z</time></trkpt>
      <trkpt lat="33.257090" lon="131.373796"><ele>554.6</ele><time>2026-09-21T02:47:20Z</time></trkpt>
      <trkpt lat="33.256405" lon="131.372983"><ele>546.0</ele><time>2026-09-21T02:47:54Z</time></trkpt>
      <trkpt lat="33.256538" lon="131.372986"><ele>547.4</ele><time>2026-09-21T02:48:23Z</time></trkpt>
      <trkpt lat="33.256638" lon="131.372692"><ele>540.8</ele><time>2026-09-21T02:49:09Z</time></trkpt>
      <trkpt lat="33.257140" lon="131.371910"><ele>524.0</ele><time>2026-09-21T02:50:05Z</time></trkpt>
      <trkpt lat="33.258191" lon="131.372755"><ele>524.6</ele><time>2026-09-21T02:50:57Z</time></trkpt>
      <trkpt lat="33.258895" lon="131.371441"><ele>502.2</ele><time>2026-09-21T02:51:36Z</time></trkpt>
      <trkpt lat="33.259199" lon="131.371178"><ele>497.8</ele><time>2026-09-21T02:51:51Z</time></trkpt>
      <trkpt lat="33.259168" lon="131.370940"><ele>497.2</ele><time>2026-09-21T02:51:57Z</time></trkpt>
      <trkpt lat="33.259035" lon="131.370716"><ele>496.0</ele><time>2026-09-21T02:52:04Z</time></trkpt>
      <trkpt lat="33.258667" lon="131.370515"><ele>495.6</ele><time>2026-09-21T02:52:18Z</time></trkpt>
      <trkpt lat="33.258316" lon="131.369976"><ele>492.4</ele><time>2026-09-21T02:52:34Z</time></trkpt>
      <trkpt lat="33.258235" lon="131.369613"><ele>489.8</ele><time>2026-09-21T02:52:41Z</time></trkpt>
      <trkpt lat="33.258273" lon="131.369489"><ele>488.6</ele><time>2026-09-21T02:52:43Z</time></trkpt>
      <trkpt lat="33.258484" lon="131.369063"><ele>484.2</ele><time>2026-09-21T02:52:52Z</time></trkpt>
      <trkpt lat="33.258679" lon="131.368847"><ele>481.4</ele><time>2026-09-21T02:52:59Z</time></trkpt>
      <trkpt lat="33.258892" lon="131.368764"><ele>478.8</ele><time>2026-09-21T02:53:04Z</time></trkpt>
      <trkpt lat="33.259578" lon="131.368756"><ele>477.6</ele><time>2026-09-21T02:53:16Z</time></trkpt>
      <trkpt lat="33.259825" lon="131.368302"><ele>476.2</ele><time>2026-09-21T02:53:25Z</time></trkpt>
      <trkpt lat="33.259827" lon="131.368040"><ele>475.6</ele><time>2026-09-21T02:53:31Z</time></trkpt>
      <trkpt lat="33.259408" lon="131.366816"><ele>470.0</ele><time>2026-09-21T02:53:57Z</time></trkpt>
      <trkpt lat="33.258976" lon="131.366487"><ele>466.8</ele><time>2026-09-21T02:54:09Z</time></trkpt>
      <trkpt lat="33.258153" lon="131.366178"><ele>465.0</ele><time>2026-09-21T02:54:29Z</time></trkpt>
      <trkpt lat="33.257449" lon="131.365369"><ele>464.0</ele><time>2026-09-21T02:54:53Z</time></trkpt>
      <trkpt lat="33.257173" lon="131.364888"><ele>463.8</ele><time>2026-09-21T02:55:08Z</time></trkpt>
      <trkpt lat="33.256985" lon="131.364721"><ele>464.2</ele><time>2026-09-21T02:55:16Z</time></trkpt>
      <trkpt lat="33.257003" lon="131.364616"><ele>464.2</ele><time>2026-09-21T02:55:19Z</time></trkpt>
      <trkpt lat="33.259965" lon="131.362383"><ele>461.4</ele><time>2026-09-21T02:56:37Z</time></trkpt>
      <trkpt lat="33.260488" lon="131.361908"><ele>460.4</ele><time>2026-09-21T02:56:54Z</time></trkpt>
      <trkpt lat="33.262431" lon="131.358201"><ele>458.2</ele><time>2026-09-21T02:58:12Z</time></trkpt>
      <trkpt lat="33.262138" lon="131.358092"><ele>458.0</ele><time>2026-09-21T02:58:27Z</time></trkpt>
      <trkpt lat="33.262167" lon="131.358318"><ele>458.8</ele><time>2026-09-21T02:59:10Z</time></trkpt>
      <trkpt lat="33.262207" lon="131.358146"><ele>458.0</ele><time>2026-09-21T02:59:32Z</time></trkpt>
      <trkpt lat="33.262152" lon="131.358155"><ele>459.4</ele><time>2026-09-21T02:59:52Z</time></trkpt>
      <trkpt lat="33.262156" lon="131.358255"><ele>463.2</ele><time>2026-09-21T03:00:27Z</time></trkpt>
      <trkpt lat="33.262309" lon="131.358070"><ele>463.8</ele><time>2026-09-21T03:09:47Z</time></trkpt>
      <trkpt lat="33.262027" lon="131.358091"><ele>463.6</ele><time>2026-09-21T03:10:07Z</time></trkpt>
      <trkpt lat="33.262120" lon="131.358229"><ele>463.0</ele><time>2026-09-21T03:10:28Z</time></trkpt>
      <trkpt lat="33.262105" lon="131.358050"><ele>458.6</ele><time>2026-09-21T03:10:53Z</time></trkpt>
      <trkpt lat="33.262053" lon="131.358087"><ele>458.2</ele><time>2026-09-21T03:11:06Z</time></trkpt>
      <trkpt lat="33.262287" lon="131.358187"><ele>459.0</ele><time>2026-09-21T03:14:39Z</time></trkpt>
      <trkpt lat="33.262202" lon="131.358163"><ele>458.6</ele><time>2026-09-21T03:14:46Z</time></trkpt>
      <trkpt lat="33.262116" lon="131.358289"><ele>460.0</ele><time>2026-09-21T03:15:23Z</time></trkpt>
      <trkpt lat="33.262387" lon="131.358310"><ele>458.2</ele><time>2026-09-21T03:15:45Z</time></trkpt>
      <trkpt lat="33.262169" lon="131.358850"><ele>458.2</ele><time>2026-09-21T03:16:01Z</time></trkpt>
      <trkpt lat="33.262262" lon="131.359104"><ele>459.2</ele><time>2026-09-21T03:16:10Z</time></trkpt>
      <trkpt lat="33.262467" lon="131.359234"><ele>459.0</ele><time>2026-09-21T03:16:18Z</time></trkpt>
      <trkpt lat="33.263349" lon="131.359438"><ele>459.2</ele><time>2026-09-21T03:16:43Z</time></trkpt>
      <trkpt lat="33.264817" lon="131.359195"><ele>460.8</ele><time>2026-09-21T03:17:23Z</time></trkpt>
      <trkpt lat="33.265190" lon="131.359058"><ele>462.6</ele><time>2026-09-21T03:17:38Z</time></trkpt>
      <trkpt lat="33.265318" lon="131.359127"><ele>462.8</ele><time>2026-09-21T03:17:43Z</time></trkpt>
      <trkpt lat="33.266384" lon="131.360516"><ele>462.6</ele><time>2026-09-21T03:18:35Z</time></trkpt>
      <trkpt lat="33.266087" lon="131.360749"><ele>462.4</ele><time>2026-09-21T03:18:57Z</time></trkpt>
      <trkpt lat="33.266068" lon="131.360843"><ele>462.6</ele><time>2026-09-21T03:19:02Z</time></trkpt>
      <trkpt lat="33.266193" lon="131.360986"><ele>462.8</ele><time>2026-09-21T03:19:10Z</time></trkpt>
      <trkpt lat="33.266080" lon="131.360802"><ele>462.2</ele><time>2026-09-21T03:19:46Z</time></trkpt>
      <trkpt lat="33.266221" lon="131.360666"><ele>462.4</ele><time>2026-09-21T03:20:05Z</time></trkpt>
      <trkpt lat="33.266056" lon="131.360837"><ele>462.4</ele><time>2026-09-21T03:20:25Z</time></trkpt>
      <trkpt lat="33.266243" lon="131.360588"><ele>463.2</ele><time>2026-09-21T03:29:39Z</time></trkpt>
      <trkpt lat="33.265951" lon="131.360872"><ele>462.2</ele><time>2026-09-21T03:30:20Z</time></trkpt>
      <trkpt lat="33.266178" lon="131.361011"><ele>463.4</ele><time>2026-09-21T03:31:23Z</time></trkpt>
      <trkpt lat="33.266070" lon="131.360795"><ele>463.4</ele><time>2026-09-21T03:31:41Z</time></trkpt>
      <trkpt lat="33.265870" lon="131.360831"><ele>462.0</ele><time>2026-09-21T03:36:13Z</time></trkpt>
      <trkpt lat="33.266160" lon="131.361002"><ele>461.4</ele><time>2026-09-21T03:39:54Z</time></trkpt>
      <trkpt lat="33.266121" lon="131.360753"><ele>461.6</ele><time>2026-09-21T03:40:29Z</time></trkpt>
      <trkpt lat="33.266302" lon="131.360827"><ele>461.8</ele><time>2026-09-21T03:40:54Z</time></trkpt>
      <trkpt lat="33.266338" lon="131.360756"><ele>461.0</ele><time>2026-09-21T03:41:18Z</time></trkpt>
      <trkpt lat="33.266266" lon="131.360724"><ele>461.8</ele><time>2026-09-21T03:41:35Z</time></trkpt>
      <trkpt lat="33.266275" lon="131.360637"><ele>461.2</ele><time>2026-09-21T03:41:43Z</time></trkpt>
      <trkpt lat="33.266115" lon="131.360803"><ele>462.2</ele><time>2026-09-21T03:42:06Z</time></trkpt>
      <trkpt lat="33.266108" lon="131.360906"><ele>461.6</ele><time>2026-09-21T03:42:14Z</time></trkpt>
      <trkpt lat="33.266200" lon="131.360958"><ele>461.8</ele><time>2026-09-21T03:42:30Z</time></trkpt>
      <trkpt lat="33.266134" lon="131.360899"><ele>461.8</ele><time>2026-09-21T03:43:24Z</time></trkpt>
      <trkpt lat="33.266192" lon="131.360689"><ele>462.4</ele><time>2026-09-21T03:43:46Z</time></trkpt>
      <trkpt lat="33.266378" lon="131.360867"><ele>462.0</ele><time>2026-09-21T03:45:13Z</time></trkpt>
      <trkpt lat="33.266274" lon="131.360814"><ele>462.0</ele><time>2026-09-21T03:46:11Z</time></trkpt>
      <trkpt lat="33.266237" lon="131.360964"><ele>462.0</ele><time>2026-09-21T03:46:45Z</time></trkpt>
      <trkpt lat="33.266288" lon="131.360948"><ele>462.0</ele><time>2026-09-21T03:47:07Z</time></trkpt>
      <trkpt lat="33.266265" lon="131.360750"><ele>462.0</ele><time>2026-09-21T03:48:01Z</time></trkpt>
      <trkpt lat="33.266163" lon="131.360881"><ele>462.0</ele><time>2026-09-21T03:48:18Z</time></trkpt>
      <trkpt lat="33.266170" lon="131.360990"><ele>462.0</ele><time>2026-09-21T03:48:34Z</time></trkpt>
      <trkpt lat="33.265991" lon="131.360902"><ele>461.4</ele><time>2026-09-21T03:48:53Z</time></trkpt>
      <trkpt lat="33.265897" lon="131.361094"><ele>461.4</ele><time>2026-09-21T03:49:22Z</time></trkpt>
      <trkpt lat="33.265654" lon="131.361233"><ele>460.6</ele><time>2026-09-21T03:55:15Z</time></trkpt>
      <trkpt lat="33.265734" lon="131.361274"><ele>460.6</ele><time>2026-09-21T03:55:33Z</time></trkpt>
      <trkpt lat="33.265756" lon="131.361141"><ele>460.6</ele><time>2026-09-21T03:56:51Z</time></trkpt>
      <trkpt lat="33.265740" lon="131.361298"><ele>460.6</ele><time>2026-09-21T03:57:12Z</time></trkpt>
      <trkpt lat="33.265768" lon="131.361158"><ele>460.6</ele><time>2026-09-21T03:57:55Z</time></trkpt>
      <trkpt lat="33.265702" lon="131.361226"><ele>460.6</ele><time>2026-09-21T03:59:06Z</time></trkpt>
      <trkpt lat="33.265821" lon="131.361130"><ele>461.6</ele><time>2026-09-21T04:01:14Z</time></trkpt>
      <trkpt lat="33.266031" lon="131.361237"><ele>461.6</ele><time>2026-09-21T04:01:54Z</time></trkpt>
      <trkpt lat="33.265931" lon="131.361064"><ele>462.0</ele><time>2026-09-21T04:02:15Z</time></trkpt>
      <trkpt lat="33.265954" lon="131.360894"><ele>462.6</ele><time>2026-09-21T04:02:31Z</time></trkpt>
      <trkpt lat="33.266050" lon="131.360858"><ele>463.2</ele><time>2026-09-21T04:02:40Z</time></trkpt>
      <trkpt lat="33.266201" lon="131.361001"><ele>463.0</ele><time>2026-09-21T04:03:21Z</time></trkpt>
      <trkpt lat="33.265979" lon="131.360933"><ele>463.2</ele><time>2026-09-21T04:03:44Z</time></trkpt>
      <trkpt lat="33.265927" lon="131.361178"><ele>462.6</ele><time>2026-09-21T04:04:03Z</time></trkpt>
      <trkpt lat="33.265985" lon="131.361345"><ele>463.0</ele><time>2026-09-21T04:04:18Z</time></trkpt>
      <trkpt lat="33.266092" lon="131.361352"><ele>462.8</ele><time>2026-09-21T04:04:33Z</time></trkpt>
      <trkpt lat="33.265943" lon="131.360938"><ele>462.2</ele><time>2026-09-21T04:05:49Z</time></trkpt>
      <trkpt lat="33.265986" lon="131.360872"><ele>462.6</ele><time>2026-09-21T04:05:56Z</time></trkpt>
      <trkpt lat="33.266246" lon="131.360951"><ele>463.2</ele><time>2026-09-21T04:07:02Z</time></trkpt>
      <trkpt lat="33.266117" lon="131.360899"><ele>464.6</ele><time>2026-09-21T04:08:39Z</time></trkpt>
      <trkpt lat="33.266106" lon="131.360811"><ele>464.4</ele><time>2026-09-21T04:08:44Z</time></trkpt>
      <trkpt lat="33.266294" lon="131.360646"><ele>464.6</ele><time>2026-09-21T04:09:07Z</time></trkpt>
      <trkpt lat="33.266277" lon="131.360745"><ele>465.0</ele><time>2026-09-21T04:09:22Z</time></trkpt>
      <trkpt lat="33.266124" lon="131.360843"><ele>464.6</ele><time>2026-09-21T04:09:34Z</time></trkpt>
      <trkpt lat="33.266220" lon="131.360950"><ele>464.0</ele><time>2026-09-21T04:11:38Z</time></trkpt>
      <trkpt lat="33.266144" lon="131.360899"><ele>463.4</ele><time>2026-09-21T04:14:50Z</time></trkpt>
      <trkpt lat="33.266320" lon="131.360587"><ele>463.8</ele><time>2026-09-21T04:15:04Z</time></trkpt>
      <trkpt lat="33.266392" lon="131.360555"><ele>463.6</ele><time>2026-09-21T04:15:09Z</time></trkpt>
      <trkpt lat="33.266604" lon="131.360749"><ele>463.0</ele><time>2026-09-21T04:15:21Z</time></trkpt>
      <trkpt lat="33.266732" lon="131.360720"><ele>463.6</ele><time>2026-09-21T04:15:31Z</time></trkpt>
      <trkpt lat="33.266849" lon="131.360963"><ele>464.4</ele><time>2026-09-21T04:15:40Z</time></trkpt>
      <trkpt lat="33.266976" lon="131.360921"><ele>463.0</ele><time>2026-09-21T04:16:08Z</time></trkpt>
      <trkpt lat="33.266847" lon="131.361065"><ele>464.0</ele><time>2026-09-21T04:16:25Z</time></trkpt>
      <trkpt lat="33.267109" lon="131.361780"><ele>463.8</ele><time>2026-09-21T04:16:48Z</time></trkpt>
      <trkpt lat="33.267027" lon="131.362046"><ele>463.4</ele><time>2026-09-21T04:16:58Z</time></trkpt>
      <trkpt lat="33.267036" lon="131.362166"><ele>464.0</ele><time>2026-09-21T04:17:05Z</time></trkpt>
      <trkpt lat="33.267102" lon="131.362157"><ele>463.0</ele><time>2026-09-21T04:17:43Z</time></trkpt>
      <trkpt lat="33.267056" lon="131.362210"><ele>463.4</ele><time>2026-09-21T04:18:02Z</time></trkpt>
      <trkpt lat="33.267105" lon="131.362179"><ele>463.4</ele><time>2026-09-21T04:18:12Z</time></trkpt>
      <trkpt lat="33.266944" lon="131.362154"><ele>463.4</ele><time>2026-09-21T04:18:46Z</time></trkpt>
      <trkpt lat="33.266949" lon="131.362065"><ele>464.4</ele><time>2026-09-21T04:18:57Z</time></trkpt>
      <trkpt lat="33.267208" lon="131.362342"><ele>464.4</ele><time>2026-09-21T04:19:09Z</time></trkpt>
      <trkpt lat="33.267188" lon="131.362107"><ele>464.4</ele><time>2026-09-21T04:19:16Z</time></trkpt>
      <trkpt lat="33.267165" lon="131.362203"><ele>463.8</ele><time>2026-09-21T04:19:26Z</time></trkpt>
      <trkpt lat="33.267087" lon="131.362061"><ele>463.4</ele><time>2026-09-21T04:19:52Z</time></trkpt>
      <trkpt lat="33.267104" lon="131.362123"><ele>463.4</ele><time>2026-09-21T04:20:16Z</time></trkpt>
      <trkpt lat="33.266932" lon="131.362151"><ele>463.0</ele><time>2026-09-21T04:20:37Z</time></trkpt>
      <trkpt lat="33.267001" lon="131.362100"><ele>463.0</ele><time>2026-09-21T04:21:01Z</time></trkpt>
      <trkpt lat="33.266949" lon="131.362128"><ele>464.0</ele><time>2026-09-21T04:25:42Z</time></trkpt>
      <trkpt lat="33.267035" lon="131.362198"><ele>463.4</ele><time>2026-09-21T04:25:46Z</time></trkpt>
      <trkpt lat="33.266993" lon="131.362134"><ele>463.0</ele><time>2026-09-21T04:26:51Z</time></trkpt>
      <trkpt lat="33.267127" lon="131.362086"><ele>463.4</ele><time>2026-09-21T04:27:09Z</time></trkpt>
      <trkpt lat="33.266868" lon="131.361296"><ele>462.8</ele><time>2026-09-21T04:27:39Z</time></trkpt>
      <trkpt lat="33.266651" lon="131.360916"><ele>463.0</ele><time>2026-09-21T04:27:56Z</time></trkpt>
      <trkpt lat="33.266643" lon="131.360646"><ele>465.2</ele><time>2026-09-21T04:28:02Z</time></trkpt>
      <trkpt lat="33.266436" lon="131.360081"><ele>464.2</ele><time>2026-09-21T04:28:17Z</time></trkpt>
      <trkpt lat="33.265977" lon="131.357155"><ele>465.0</ele><time>2026-09-21T04:29:20Z</time></trkpt>
      <trkpt lat="33.265108" lon="131.356571"><ele>462.0</ele><time>2026-09-21T04:29:45Z</time></trkpt>
      <trkpt lat="33.264370" lon="131.356528"><ele>460.2</ele><time>2026-09-21T04:30:06Z</time></trkpt>
      <trkpt lat="33.263423" lon="131.356611"><ele>459.0</ele><time>2026-09-21T04:30:29Z</time></trkpt>
      <trkpt lat="33.262712" lon="131.355370"><ele>456.6</ele><time>2026-09-21T04:31:10Z</time></trkpt>
      <trkpt lat="33.262056" lon="131.355718"><ele>456.0</ele><time>2026-09-21T04:31:30Z</time></trkpt>
      <trkpt lat="33.261498" lon="131.355702"><ele>455.6</ele><time>2026-09-21T04:31:42Z</time></trkpt>
      <trkpt lat="33.260991" lon="131.355829"><ele>455.8</ele><time>2026-09-21T04:31:53Z</time></trkpt>
      <trkpt lat="33.260924" lon="131.356202"><ele>456.8</ele><time>2026-09-21T04:32:04Z</time></trkpt>
      <trkpt lat="33.260032" lon="131.356121"><ele>456.4</ele><time>2026-09-21T04:32:28Z</time></trkpt>
      <trkpt lat="33.259935" lon="131.355795"><ele>456.0</ele><time>2026-09-21T04:32:39Z</time></trkpt>
      <trkpt lat="33.258034" lon="131.354207"><ele>452.8</ele><time>2026-09-21T04:33:20Z</time></trkpt>
      <trkpt lat="33.257973" lon="131.354077"><ele>452.8</ele><time>2026-09-21T04:33:24Z</time></trkpt>
      <trkpt lat="33.258236" lon="131.353375"><ele>452.8</ele><time>2026-09-21T04:33:41Z</time></trkpt>
      <trkpt lat="33.258766" lon="131.352434"><ele>453.8</ele><time>2026-09-21T04:34:03Z</time></trkpt>
      <trkpt lat="33.257293" lon="131.351142"><ele>452.0</ele><time>2026-09-21T04:34:41Z</time></trkpt>
      <trkpt lat="33.257433" lon="131.350341"><ele>454.0</ele><time>2026-09-21T04:35:00Z</time></trkpt>
      <trkpt lat="33.257201" lon="131.349028"><ele>454.0</ele><time>2026-09-21T04:35:24Z</time></trkpt>
      <trkpt lat="33.256969" lon="131.348505"><ele>454.4</ele><time>2026-09-21T04:35:35Z</time></trkpt>
      <trkpt lat="33.256403" lon="131.347765"><ele>452.6</ele><time>2026-09-21T04:35:53Z</time></trkpt>
      <trkpt lat="33.256290" lon="131.347325"><ele>451.8</ele><time>2026-09-21T04:36:01Z</time></trkpt>
      <trkpt lat="33.256238" lon="131.346253"><ele>451.0</ele><time>2026-09-21T04:36:22Z</time></trkpt>
      <trkpt lat="33.256077" lon="131.346126"><ele>452.4</ele><time>2026-09-21T04:36:28Z</time></trkpt>
      <trkpt lat="33.255802" lon="131.345447"><ele>452.0</ele><time>2026-09-21T04:36:45Z</time></trkpt>
      <trkpt lat="33.255697" lon="131.345383"><ele>452.2</ele><time>2026-09-21T04:36:49Z</time></trkpt>
      <trkpt lat="33.255283" lon="131.345972"><ele>451.8</ele><time>2026-09-21T04:37:03Z</time></trkpt>
      <trkpt lat="33.254944" lon="131.346059"><ele>451.2</ele><time>2026-09-21T04:37:10Z</time></trkpt>
      <trkpt lat="33.254043" lon="131.345189"><ele>452.8</ele><time>2026-09-21T04:37:32Z</time></trkpt>
      <trkpt lat="33.252873" lon="131.344561"><ele>450.6</ele><time>2026-09-21T04:37:57Z</time></trkpt>
      <trkpt lat="33.252646" lon="131.344629"><ele>451.6</ele><time>2026-09-21T04:38:03Z</time></trkpt>
      <trkpt lat="33.252334" lon="131.345047"><ele>450.6</ele><time>2026-09-21T04:38:17Z</time></trkpt>
      <trkpt lat="33.251961" lon="131.345082"><ele>450.4</ele><time>2026-09-21T04:38:25Z</time></trkpt>
      <trkpt lat="33.251645" lon="131.344889"><ele>450.6</ele><time>2026-09-21T04:38:32Z</time></trkpt>
      <trkpt lat="33.250492" lon="131.344512"><ele>453.6</ele><time>2026-09-21T04:39:01Z</time></trkpt>
      <trkpt lat="33.251469" lon="131.344801"><ele>453.6</ele><time>2026-09-21T04:39:28Z</time></trkpt>
      <trkpt lat="33.251961" lon="131.345075"><ele>451.4</ele><time>2026-09-21T04:39:40Z</time></trkpt>
      <trkpt lat="33.252220" lon="131.345068"><ele>453.0</ele><time>2026-09-21T04:39:46Z</time></trkpt>
      <trkpt lat="33.252310" lon="131.344984"><ele>453.2</ele><time>2026-09-21T04:39:49Z</time></trkpt>
      <trkpt lat="33.251177" lon="131.344293"><ele>452.0</ele><time>2026-09-21T04:40:12Z</time></trkpt>
      <trkpt lat="33.250842" lon="131.343964"><ele>452.0</ele><time>2026-09-21T04:40:19Z</time></trkpt>
      <trkpt lat="33.250250" lon="131.342720"><ele>450.8</ele><time>2026-09-21T04:40:38Z</time></trkpt>
      <trkpt lat="33.249447" lon="131.341786"><ele>450.4</ele><time>2026-09-21T04:40:55Z</time></trkpt>
      <trkpt lat="33.249014" lon="131.340846"><ele>451.0</ele><time>2026-09-21T04:41:10Z</time></trkpt>
      <trkpt lat="33.248433" lon="131.339919"><ele>450.2</ele><time>2026-09-21T04:41:26Z</time></trkpt>
      <trkpt lat="33.247998" lon="131.338968"><ele>448.6</ele><time>2026-09-21T04:41:41Z</time></trkpt>
      <trkpt lat="33.247285" lon="131.337930"><ele>453.6</ele><time>2026-09-21T04:42:00Z</time></trkpt>
      <trkpt lat="33.242806" lon="131.331069"><ele>450.4</ele><time>2026-09-21T04:44:11Z</time></trkpt>
      <trkpt lat="33.242601" lon="131.330819"><ele>450.2</ele><time>2026-09-21T04:44:16Z</time></trkpt>
      <trkpt lat="33.240798" lon="131.330127"><ele>453.2</ele><time>2026-09-21T04:45:04Z</time></trkpt>
      <trkpt lat="33.240741" lon="131.328737"><ele>452.0</ele><time>2026-09-21T04:45:42Z</time></trkpt>
      <trkpt lat="33.241635" lon="131.326726"><ele>454.4</ele><time>2026-09-21T04:48:12Z</time></trkpt>
      <trkpt lat="33.241619" lon="131.326611"><ele>454.8</ele><time>2026-09-21T04:48:21Z</time></trkpt>
      <trkpt lat="33.241655" lon="131.326793"><ele>455.2</ele><time>2026-09-21T04:48:29Z</time></trkpt>
      <trkpt lat="33.241574" lon="131.326931"><ele>454.8</ele><time>2026-09-21T04:48:34Z</time></trkpt>
      <trkpt lat="33.241478" lon="131.326909"><ele>454.2</ele><time>2026-09-21T04:48:38Z</time></trkpt>
      <trkpt lat="33.241379" lon="131.326788"><ele>453.8</ele><time>2026-09-21T04:48:43Z</time></trkpt>
      <trkpt lat="33.241387" lon="131.326580"><ele>454.4</ele><time>2026-09-21T04:48:49Z</time></trkpt>
      <trkpt lat="33.241459" lon="131.326103"><ele>455.4</ele><time>2026-09-21T04:49:02Z</time></trkpt>
      <trkpt lat="33.241760" lon="131.325202"><ele>453.8</ele><time>2026-09-21T04:49:25Z</time></trkpt>
      <trkpt lat="33.241733" lon="131.325073"><ele>454.0</ele><time>2026-09-21T04:49:31Z</time></trkpt>
      <trkpt lat="33.241937" lon="131.324851"><ele>455.0</ele><time>2026-09-21T04:50:00Z</time></trkpt>
      <trkpt lat="33.241970" lon="131.324315"><ele>453.6</ele><time>2026-09-21T04:50:10Z</time></trkpt>
      <trkpt lat="33.241763" lon="131.323851"><ele>452.4</ele><time>2026-09-21T04:50:19Z</time></trkpt>
      <trkpt lat="33.241051" lon="131.323271"><ele>453.8</ele><time>2026-09-21T04:50:39Z</time></trkpt>
      <trkpt lat="33.239479" lon="131.322589"><ele>456.2</ele><time>2026-09-21T04:51:27Z</time></trkpt>
      <trkpt lat="33.239002" lon="131.322041"><ele>456.8</ele><time>2026-09-21T04:51:42Z</time></trkpt>
      <trkpt lat="33.238390" lon="131.321852"><ele>457.6</ele><time>2026-09-21T04:51:55Z</time></trkpt>
      <trkpt lat="33.238254" lon="131.321693"><ele>457.8</ele><time>2026-09-21T04:51:59Z</time></trkpt>
      <trkpt lat="33.238114" lon="131.320614"><ele>461.0</ele><time>2026-09-21T04:52:27Z</time></trkpt>
      <trkpt lat="33.238426" lon="131.319528"><ele>459.8</ele><time>2026-09-21T04:52:52Z</time></trkpt>
      <trkpt lat="33.238589" lon="131.318546"><ele>465.6</ele><time>2026-09-21T04:53:28Z</time></trkpt>
      <trkpt lat="33.238526" lon="131.317688"><ele>464.0</ele><time>2026-09-21T04:53:42Z</time></trkpt>
      <trkpt lat="33.238287" lon="131.316958"><ele>467.2</ele><time>2026-09-21T04:54:05Z</time></trkpt>
      <trkpt lat="33.238474" lon="131.316527"><ele>470.6</ele><time>2026-09-21T04:54:27Z</time></trkpt>
      <trkpt lat="33.238715" lon="131.316219"><ele>472.6</ele><time>2026-09-21T04:54:45Z</time></trkpt>
      <trkpt lat="33.238734" lon="131.315863"><ele>475.4</ele><time>2026-09-21T04:55:03Z</time></trkpt>
      <trkpt lat="33.238447" lon="131.315410"><ele>479.6</ele><time>2026-09-21T04:55:34Z</time></trkpt>
      <trkpt lat="33.238237" lon="131.314503"><ele>485.0</ele><time>2026-09-21T04:56:19Z</time></trkpt>
      <trkpt lat="33.238065" lon="131.314198"><ele>487.2</ele><time>2026-09-21T04:56:36Z</time></trkpt>
      <trkpt lat="33.237711" lon="131.314020"><ele>489.2</ele><time>2026-09-21T04:56:56Z</time></trkpt>
      <trkpt lat="33.237212" lon="131.314064"><ele>493.6</ele><time>2026-09-21T04:57:25Z</time></trkpt>
      <trkpt lat="33.237061" lon="131.313997"><ele>494.4</ele><time>2026-09-21T04:57:57Z</time></trkpt>
      <trkpt lat="33.236592" lon="131.313467"><ele>497.6</ele><time>2026-09-21T04:59:14Z</time></trkpt>
      <trkpt lat="33.236495" lon="131.313445"><ele>498.4</ele><time>2026-09-21T04:59:23Z</time></trkpt>
      <trkpt lat="33.236501" lon="131.313535"><ele>498.4</ele><time>2026-09-21T04:59:44Z</time></trkpt>
      <trkpt lat="33.236117" lon="131.312879"><ele>501.2</ele><time>2026-09-21T05:01:10Z</time></trkpt>
      <trkpt lat="33.235943" lon="131.312373"><ele>503.4</ele><time>2026-09-21T05:01:38Z</time></trkpt>
      <trkpt lat="33.235448" lon="131.311946"><ele>506.8</ele><time>2026-09-21T05:02:11Z</time></trkpt>
      <trkpt lat="33.235064" lon="131.311847"><ele>509.2</ele><time>2026-09-21T05:02:32Z</time></trkpt>
      <trkpt lat="33.234958" lon="131.311456"><ele>510.6</ele><time>2026-09-21T05:02:51Z</time></trkpt>
      <trkpt lat="33.234827" lon="131.311289"><ele>512.0</ele><time>2026-09-21T05:03:01Z</time></trkpt>
      <trkpt lat="33.234326" lon="131.311106"><ele>516.2</ele><time>2026-09-21T05:03:31Z</time></trkpt>
      <trkpt lat="33.233869" lon="131.310816"><ele>519.8</ele><time>2026-09-21T05:04:03Z</time></trkpt>
      <trkpt lat="33.233661" lon="131.310578"><ele>523.0</ele><time>2026-09-21T05:04:24Z</time></trkpt>
      <trkpt lat="33.233192" lon="131.310603"><ele>527.8</ele><time>2026-09-21T05:05:07Z</time></trkpt>
      <trkpt lat="33.232967" lon="131.310301"><ele>530.2</ele><time>2026-09-21T05:05:46Z</time></trkpt>
      <trkpt lat="33.231792" lon="131.309876"><ele>541.6</ele><time>2026-09-21T05:07:06Z</time></trkpt>
      <trkpt lat="33.231204" lon="131.309870"><ele>546.8</ele><time>2026-09-21T05:07:45Z</time></trkpt>
      <trkpt lat="33.230901" lon="131.309804"><ele>549.4</ele><time>2026-09-21T05:09:18Z</time></trkpt>
      <trkpt lat="33.230940" lon="131.309733"><ele>550.6</ele><time>2026-09-21T05:09:38Z</time></trkpt>
      <trkpt lat="33.230947" lon="131.309857"><ele>550.0</ele><time>2026-09-21T05:10:01Z</time></trkpt>
      <trkpt lat="33.230930" lon="131.309772"><ele>550.0</ele><time>2026-09-21T05:11:46Z</time></trkpt>
      <trkpt lat="33.230924" lon="131.309860"><ele>550.0</ele><time>2026-09-21T05:12:41Z</time></trkpt>
      <trkpt lat="33.230708" lon="131.309992"><ele>551.0</ele><time>2026-09-21T05:13:04Z</time></trkpt>
      <trkpt lat="33.230055" lon="131.310180"><ele>556.0</ele><time>2026-09-21T05:14:06Z</time></trkpt>
      <trkpt lat="33.229541" lon="131.310227"><ele>560.4</ele><time>2026-09-21T05:14:45Z</time></trkpt>
      <trkpt lat="33.229017" lon="131.310601"><ele>567.2</ele><time>2026-09-21T05:15:24Z</time></trkpt>
      <trkpt lat="33.228671" lon="131.310280"><ele>571.4</ele><time>2026-09-21T05:15:48Z</time></trkpt>
      <trkpt lat="33.228338" lon="131.310168"><ele>576.2</ele><time>2026-09-21T05:16:21Z</time></trkpt>
      <trkpt lat="33.227756" lon="131.309636"><ele>586.0</ele><time>2026-09-21T05:18:03Z</time></trkpt>
      <trkpt lat="33.227624" lon="131.309692"><ele>586.4</ele><time>2026-09-21T05:18:36Z</time></trkpt>
      <trkpt lat="33.227166" lon="131.309561"><ele>592.6</ele><time>2026-09-21T05:19:39Z</time></trkpt>
      <trkpt lat="33.226427" lon="131.309776"><ele>601.4</ele><time>2026-09-21T05:20:58Z</time></trkpt>
      <trkpt lat="33.225913" lon="131.309639"><ele>608.2</ele><time>2026-09-21T05:22:10Z</time></trkpt>
      <trkpt lat="33.225666" lon="131.309669"><ele>611.6</ele><time>2026-09-21T05:23:07Z</time></trkpt>
      <trkpt lat="33.225565" lon="131.309457"><ele>614.2</ele><time>2026-09-21T05:23:31Z</time></trkpt>
      <trkpt lat="33.225168" lon="131.309047"><ele>619.8</ele><time>2026-09-21T05:24:29Z</time></trkpt>
      <trkpt lat="33.225137" lon="131.308675"><ele>623.6</ele><time>2026-09-21T05:25:09Z</time></trkpt>
      <trkpt lat="33.224906" lon="131.308689"><ele>626.6</ele><time>2026-09-21T05:25:40Z</time></trkpt>
      <trkpt lat="33.224530" lon="131.308262"><ele>631.2</ele><time>2026-09-21T05:26:39Z</time></trkpt>
      <trkpt lat="33.223558" lon="131.308157"><ele>637.8</ele><time>2026-09-21T05:27:46Z</time></trkpt>
      <trkpt lat="33.223326" lon="131.308065"><ele>639.8</ele><time>2026-09-21T05:28:04Z</time></trkpt>
      <trkpt lat="33.222355" lon="131.308030"><ele>649.6</ele><time>2026-09-21T05:29:29Z</time></trkpt>
      <trkpt lat="33.221930" lon="131.307862"><ele>654.4</ele><time>2026-09-21T05:30:02Z</time></trkpt>
      <trkpt lat="33.221501" lon="131.307880"><ele>658.4</ele><time>2026-09-21T05:30:34Z</time></trkpt>
      <trkpt lat="33.221211" lon="131.308102"><ele>661.6</ele><time>2026-09-21T05:30:55Z</time></trkpt>
      <trkpt lat="33.220854" lon="131.308160"><ele>664.8</ele><time>2026-09-21T05:31:22Z</time></trkpt>
      <trkpt lat="33.220268" lon="131.307927"><ele>670.8</ele><time>2026-09-21T05:32:11Z</time></trkpt>
      <trkpt lat="33.219824" lon="131.307556"><ele>676.8</ele><time>2026-09-21T05:32:56Z</time></trkpt>
      <trkpt lat="33.219814" lon="131.307747"><ele>679.2</ele><time>2026-09-21T05:33:14Z</time></trkpt>
      <trkpt lat="33.220042" lon="131.308054"><ele>682.0</ele><time>2026-09-21T05:33:33Z</time></trkpt>
      <trkpt lat="33.220017" lon="131.308153"><ele>683.6</ele><time>2026-09-21T05:33:39Z</time></trkpt>
      <trkpt lat="33.219746" lon="131.308305"><ele>685.8</ele><time>2026-09-21T05:33:58Z</time></trkpt>
      <trkpt lat="33.219265" lon="131.308190"><ele>690.2</ele><time>2026-09-21T05:34:45Z</time></trkpt>
      <trkpt lat="33.219000" lon="131.307709"><ele>695.8</ele><time>2026-09-21T05:35:53Z</time></trkpt>
      <trkpt lat="33.218755" lon="131.306879"><ele>702.0</ele><time>2026-09-21T05:36:47Z</time></trkpt>
      <trkpt lat="33.219067" lon="131.306157"><ele>705.4</ele><time>2026-09-21T05:37:28Z</time></trkpt>
      <trkpt lat="33.219343" lon="131.306027"><ele>708.2</ele><time>2026-09-21T05:37:48Z</time></trkpt>
      <trkpt lat="33.219327" lon="131.305487"><ele>710.8</ele><time>2026-09-21T05:38:20Z</time></trkpt>
      <trkpt lat="33.218891" lon="131.304902"><ele>714.2</ele><time>2026-09-21T05:38:57Z</time></trkpt>
      <trkpt lat="33.219023" lon="131.304218"><ele>718.4</ele><time>2026-09-21T05:39:29Z</time></trkpt>
      <trkpt lat="33.219581" lon="131.303535"><ele>725.6</ele><time>2026-09-21T05:40:26Z</time></trkpt>
      <trkpt lat="33.219845" lon="131.302877"><ele>730.2</ele><time>2026-09-21T05:41:12Z</time></trkpt>
      <trkpt lat="33.220035" lon="131.302038"><ele>734.4</ele><time>2026-09-21T05:41:48Z</time></trkpt>
      <trkpt lat="33.220261" lon="131.301710"><ele>736.0</ele><time>2026-09-21T05:42:11Z</time></trkpt>
      <trkpt lat="33.220237" lon="131.301577"><ele>736.4</ele><time>2026-09-21T05:42:17Z</time></trkpt>
      <trkpt lat="33.219969" lon="131.301347"><ele>737.6</ele><time>2026-09-21T05:42:28Z</time></trkpt>
      <trkpt lat="33.219846" lon="131.300875"><ele>739.6</ele><time>2026-09-21T05:42:45Z</time></trkpt>
      <trkpt lat="33.219784" lon="131.300862"><ele>740.0</ele><time>2026-09-21T05:42:49Z</time></trkpt>
      <trkpt lat="33.219302" lon="131.301617"><ele>744.0</ele><time>2026-09-21T05:43:30Z</time></trkpt>
      <trkpt lat="33.218860" lon="131.301858"><ele>746.4</ele><time>2026-09-21T05:43:52Z</time></trkpt>
      <trkpt lat="33.218725" lon="131.301852"><ele>747.0</ele><time>2026-09-21T05:43:59Z</time></trkpt>
      <trkpt lat="33.218504" lon="131.301644"><ele>748.4</ele><time>2026-09-21T05:44:14Z</time></trkpt>
      <trkpt lat="33.218274" lon="131.300878"><ele>751.6</ele><time>2026-09-21T05:44:53Z</time></trkpt>
      <trkpt lat="33.217874" lon="131.300871"><ele>755.6</ele><time>2026-09-21T05:48:38Z</time></trkpt>
      <trkpt lat="33.217505" lon="131.301048"><ele>757.6</ele><time>2026-09-21T05:48:59Z</time></trkpt>
      <trkpt lat="33.217296" lon="131.300954"><ele>759.4</ele><time>2026-09-21T05:49:10Z</time></trkpt>
      <trkpt lat="33.217243" lon="131.300690"><ele>759.0</ele><time>2026-09-21T05:49:23Z</time></trkpt>
      <trkpt lat="33.217270" lon="131.300098"><ele>761.4</ele><time>2026-09-21T05:49:44Z</time></trkpt>
      <trkpt lat="33.217165" lon="131.299940"><ele>762.4</ele><time>2026-09-21T05:49:50Z</time></trkpt>
      <trkpt lat="33.217083" lon="131.299889"><ele>763.2</ele><time>2026-09-21T05:49:54Z</time></trkpt>
      <trkpt lat="33.216831" lon="131.300060"><ele>766.0</ele><time>2026-09-21T05:50:08Z</time></trkpt>
      <trkpt lat="33.216504" lon="131.299792"><ele>767.2</ele><time>2026-09-21T05:50:33Z</time></trkpt>
      <trkpt lat="33.216219" lon="131.299972"><ele>768.8</ele><time>2026-09-21T05:50:54Z</time></trkpt>
      <trkpt lat="33.215987" lon="131.299855"><ele>769.6</ele><time>2026-09-21T05:51:07Z</time></trkpt>
      <trkpt lat="33.215931" lon="131.299370"><ele>770.6</ele><time>2026-09-21T05:51:35Z</time></trkpt>
      <trkpt lat="33.215742" lon="131.299082"><ele>772.2</ele><time>2026-09-21T05:51:48Z</time></trkpt>
      <trkpt lat="33.215908" lon="131.298376"><ele>773.2</ele><time>2026-09-21T05:52:14Z</time></trkpt>
      <trkpt lat="33.215744" lon="131.298132"><ele>774.6</ele><time>2026-09-21T05:52:25Z</time></trkpt>
      <trkpt lat="33.215138" lon="131.298089"><ele>779.8</ele><time>2026-09-21T05:53:45Z</time></trkpt>
      <trkpt lat="33.215115" lon="131.298145"><ele>779.8</ele><time>2026-09-21T05:54:03Z</time></trkpt>
      <trkpt lat="33.215223" lon="131.298067"><ele>779.8</ele><time>2026-09-21T05:54:38Z</time></trkpt>
      <trkpt lat="33.215255" lon="131.298192"><ele>779.8</ele><time>2026-09-21T05:55:23Z</time></trkpt>
      <trkpt lat="33.215360" lon="131.298057"><ele>779.8</ele><time>2026-09-21T05:56:07Z</time></trkpt>
      <trkpt lat="33.215158" lon="131.298090"><ele>779.8</ele><time>2026-09-21T05:56:41Z</time></trkpt>
      <trkpt lat="33.215227" lon="131.298104"><ele>779.8</ele><time>2026-09-21T05:56:50Z</time></trkpt>
      <trkpt lat="33.215110" lon="131.298153"><ele>779.8</ele><time>2026-09-21T05:58:16Z</time></trkpt>
      <trkpt lat="33.215151" lon="131.298211"><ele>779.8</ele><time>2026-09-21T05:58:58Z</time></trkpt>
      <trkpt lat="33.215193" lon="131.298095"><ele>779.8</ele><time>2026-09-21T05:59:17Z</time></trkpt>
      <trkpt lat="33.215186" lon="131.298154"><ele>779.8</ele><time>2026-09-21T05:59:32Z</time></trkpt>
      <trkpt lat="33.215079" lon="131.298130"><ele>780.4</ele><time>2026-09-21T05:59:48Z</time></trkpt>
      <trkpt lat="33.214607" lon="131.298514"><ele>786.6</ele><time>2026-09-21T06:00:26Z</time></trkpt>
      <trkpt lat="33.214419" lon="131.298404"><ele>789.2</ele><time>2026-09-21T06:00:45Z</time></trkpt>
      <trkpt lat="33.214278" lon="131.298051"><ele>791.8</ele><time>2026-09-21T06:01:11Z</time></trkpt>
      <trkpt lat="33.213713" lon="131.298247"><ele>795.8</ele><time>2026-09-21T06:01:54Z</time></trkpt>
      <trkpt lat="33.213059" lon="131.298258"><ele>799.0</ele><time>2026-09-21T06:02:29Z</time></trkpt>
      <trkpt lat="33.211330" lon="131.297897"><ele>808.0</ele><time>2026-09-21T06:04:10Z</time></trkpt>
      <trkpt lat="33.211007" lon="131.297606"><ele>809.8</ele><time>2026-09-21T06:04:31Z</time></trkpt>
      <trkpt lat="33.210646" lon="131.296665"><ele>810.2</ele><time>2026-09-21T06:05:05Z</time></trkpt>
      <trkpt lat="33.210479" lon="131.296400"><ele>810.0</ele><time>2026-09-21T06:05:12Z</time></trkpt>
      <trkpt lat="33.210064" lon="131.296224"><ele>810.2</ele><time>2026-09-21T06:05:23Z</time></trkpt>
      <trkpt lat="33.209260" lon="131.296514"><ele>810.4</ele><time>2026-09-21T06:05:44Z</time></trkpt>
      <trkpt lat="33.207622" lon="131.296603"><ele>811.6</ele><time>2026-09-21T06:06:17Z</time></trkpt>
      <trkpt lat="33.206827" lon="131.296528"><ele>815.6</ele><time>2026-09-21T06:06:43Z</time></trkpt>
      <trkpt lat="33.206348" lon="131.296270"><ele>819.8</ele><time>2026-09-21T06:07:11Z</time></trkpt>
      <trkpt lat="33.206051" lon="131.295845"><ele>824.0</ele><time>2026-09-21T06:07:41Z</time></trkpt>
      <trkpt lat="33.205875" lon="131.295287"><ele>827.2</ele><time>2026-09-21T06:08:37Z</time></trkpt>
      <trkpt lat="33.206029" lon="131.294548"><ele>832.2</ele><time>2026-09-21T06:09:50Z</time></trkpt>
      <trkpt lat="33.206579" lon="131.292765"><ele>845.8</ele><time>2026-09-21T06:11:25Z</time></trkpt>
      <trkpt lat="33.206746" lon="131.291450"><ele>848.8</ele><time>2026-09-21T06:12:17Z</time></trkpt>
      <trkpt lat="33.206503" lon="131.291106"><ele>848.4</ele><time>2026-09-21T06:12:26Z</time></trkpt>
      <trkpt lat="33.206115" lon="131.291046"><ele>849.4</ele><time>2026-09-21T06:12:34Z</time></trkpt>
      <trkpt lat="33.205855" lon="131.290917"><ele>846.0</ele><time>2026-09-21T06:12:41Z</time></trkpt>
      <trkpt lat="33.205739" lon="131.290779"><ele>846.0</ele><time>2026-09-21T06:12:45Z</time></trkpt>
      <trkpt lat="33.205425" lon="131.289939"><ele>845.2</ele><time>2026-09-21T06:13:00Z</time></trkpt>
      <trkpt lat="33.204863" lon="131.289558"><ele>844.2</ele><time>2026-09-21T06:13:10Z</time></trkpt>
      <trkpt lat="33.204590" lon="131.289187"><ele>844.0</ele><time>2026-09-21T06:13:17Z</time></trkpt>
      <trkpt lat="33.203890" lon="131.286325"><ele>845.4</ele><time>2026-09-21T06:14:05Z</time></trkpt>
      <trkpt lat="33.203653" lon="131.285721"><ele>844.2</ele><time>2026-09-21T06:14:15Z</time></trkpt>
      <trkpt lat="33.203404" lon="131.285471"><ele>843.8</ele><time>2026-09-21T06:14:20Z</time></trkpt>
      <trkpt lat="33.203110" lon="131.285416"><ele>844.4</ele><time>2026-09-21T06:14:26Z</time></trkpt>
      <trkpt lat="33.202120" lon="131.286144"><ele>847.2</ele><time>2026-09-21T06:14:54Z</time></trkpt>
      <trkpt lat="33.199661" lon="131.287530"><ele>851.8</ele><time>2026-09-21T06:16:04Z</time></trkpt>
      <trkpt lat="33.199140" lon="131.287897"><ele>856.8</ele><time>2026-09-21T06:16:57Z</time></trkpt>
      <trkpt lat="33.198792" lon="131.288047"><ele>860.0</ele><time>2026-09-21T06:17:30Z</time></trkpt>
      <trkpt lat="33.198607" lon="131.288041"><ele>861.6</ele><time>2026-09-21T06:17:39Z</time></trkpt>
      <trkpt lat="33.198407" lon="131.287942"><ele>863.8</ele><time>2026-09-21T06:17:51Z</time></trkpt>
      <trkpt lat="33.198242" lon="131.287740"><ele>865.2</ele><time>2026-09-21T06:18:04Z</time></trkpt>
      <trkpt lat="33.198003" lon="131.286973"><ele>869.0</ele><time>2026-09-21T06:18:45Z</time></trkpt>
      <trkpt lat="33.197940" lon="131.286205"><ele>869.2</ele><time>2026-09-21T06:19:20Z</time></trkpt>
      <trkpt lat="33.198216" lon="131.284799"><ele>871.6</ele><time>2026-09-21T06:19:57Z</time></trkpt>
      <trkpt lat="33.198130" lon="131.284512"><ele>872.6</ele><time>2026-09-21T06:20:05Z</time></trkpt>
      <trkpt lat="33.197993" lon="131.284348"><ele>873.2</ele><time>2026-09-21T06:20:11Z</time></trkpt>
      <trkpt lat="33.197695" lon="131.284374"><ele>875.0</ele><time>2026-09-21T06:20:25Z</time></trkpt>
      <trkpt lat="33.196951" lon="131.284795"><ele>879.4</ele><time>2026-09-21T06:21:40Z</time></trkpt>
      <trkpt lat="33.197013" lon="131.284722"><ele>879.4</ele><time>2026-09-21T06:22:01Z</time></trkpt>
      <trkpt lat="33.197007" lon="131.284827"><ele>879.8</ele><time>2026-09-21T06:22:46Z</time></trkpt>
      <trkpt lat="33.196891" lon="131.284817"><ele>881.0</ele><time>2026-09-21T06:23:05Z</time></trkpt>
      <trkpt lat="33.196332" lon="131.285152"><ele>886.8</ele><time>2026-09-21T06:23:35Z</time></trkpt>
      <trkpt lat="33.195800" lon="131.285329"><ele>891.2</ele><time>2026-09-21T06:24:05Z</time></trkpt>
      <trkpt lat="33.194760" lon="131.285405"><ele>900.2</ele><time>2026-09-21T06:25:09Z</time></trkpt>
      <trkpt lat="33.194295" lon="131.285197"><ele>903.8</ele><time>2026-09-21T06:25:44Z</time></trkpt>
      <trkpt lat="33.193443" lon="131.284206"><ele>909.4</ele><time>2026-09-21T06:26:56Z</time></trkpt>
      <trkpt lat="33.192845" lon="131.283746"><ele>912.8</ele><time>2026-09-21T06:27:39Z</time></trkpt>
      <trkpt lat="33.192675" lon="131.283168"><ele>914.8</ele><time>2026-09-21T06:28:05Z</time></trkpt>
      <trkpt lat="33.192495" lon="131.282912"><ele>916.0</ele><time>2026-09-21T06:28:20Z</time></trkpt>
      <trkpt lat="33.192093" lon="131.282797"><ele>918.6</ele><time>2026-09-21T06:28:40Z</time></trkpt>
      <trkpt lat="33.191574" lon="131.282937"><ele>922.0</ele><time>2026-09-21T06:29:11Z</time></trkpt>
      <trkpt lat="33.190859" lon="131.282920"><ele>924.4</ele><time>2026-09-21T06:29:46Z</time></trkpt>
      <trkpt lat="33.190197" lon="131.282751"><ele>929.2</ele><time>2026-09-21T06:30:42Z</time></trkpt>
      <trkpt lat="33.190154" lon="131.282660"><ele>928.6</ele><time>2026-09-21T06:31:35Z</time></trkpt>
      <trkpt lat="33.190242" lon="131.282663"><ele>928.4</ele><time>2026-09-21T06:32:04Z</time></trkpt>
      <trkpt lat="33.190144" lon="131.282682"><ele>928.4</ele><time>2026-09-21T06:33:49Z</time></trkpt>
      <trkpt lat="33.190221" lon="131.282625"><ele>928.4</ele><time>2026-09-21T06:34:22Z</time></trkpt>
      <trkpt lat="33.190242" lon="131.282683"><ele>928.4</ele><time>2026-09-21T06:34:40Z</time></trkpt>
      <trkpt lat="33.190271" lon="131.282565"><ele>928.4</ele><time>2026-09-21T06:35:00Z</time></trkpt>
      <trkpt lat="33.190180" lon="131.282753"><ele>928.4</ele><time>2026-09-21T06:35:25Z</time></trkpt>
      <trkpt lat="33.190226" lon="131.282670"><ele>928.4</ele><time>2026-09-21T06:35:48Z</time></trkpt>
      <trkpt lat="33.190207" lon="131.282746"><ele>928.4</ele><time>2026-09-21T06:36:48Z</time></trkpt>
      <trkpt lat="33.189867" lon="131.282491"><ele>930.2</ele><time>2026-09-21T06:37:41Z</time></trkpt>
      <trkpt lat="33.189511" lon="131.281810"><ele>931.8</ele><time>2026-09-21T06:38:07Z</time></trkpt>
      <trkpt lat="33.189367" lon="131.281307"><ele>931.8</ele><time>2026-09-21T06:38:20Z</time></trkpt>
      <trkpt lat="33.189433" lon="131.280544"><ele>929.0</ele><time>2026-09-21T06:38:33Z</time></trkpt>
      <trkpt lat="33.189664" lon="131.279648"><ele>925.2</ele><time>2026-09-21T06:38:46Z</time></trkpt>
      <trkpt lat="33.189948" lon="131.279009"><ele>920.8</ele><time>2026-09-21T06:38:54Z</time></trkpt>
      <trkpt lat="33.190664" lon="131.277883"><ele>912.6</ele><time>2026-09-21T06:39:09Z</time></trkpt>
      <trkpt lat="33.191697" lon="131.276753"><ele>903.0</ele><time>2026-09-21T06:39:26Z</time></trkpt>
      <trkpt lat="33.192470" lon="131.275658"><ele>893.8</ele><time>2026-09-21T06:39:40Z</time></trkpt>
      <trkpt lat="33.192815" lon="131.274924"><ele>892.4</ele><time>2026-09-21T06:39:47Z</time></trkpt>
      <trkpt lat="33.193261" lon="131.272626"><ele>883.6</ele><time>2026-09-21T06:40:10Z</time></trkpt>
      <trkpt lat="33.193249" lon="131.272112"><ele>879.6</ele><time>2026-09-21T06:40:16Z</time></trkpt>
      <trkpt lat="33.193111" lon="131.271886"><ele>878.2</ele><time>2026-09-21T06:40:19Z</time></trkpt>
      <trkpt lat="33.192719" lon="131.271668"><ele>876.0</ele><time>2026-09-21T06:40:23Z</time></trkpt>
      <trkpt lat="33.192209" lon="131.271683"><ele>873.8</ele><time>2026-09-21T06:40:28Z</time></trkpt>
      <trkpt lat="33.191575" lon="131.271553"><ele>868.4</ele><time>2026-09-21T06:40:34Z</time></trkpt>
      <trkpt lat="33.191099" lon="131.271119"><ele>865.4</ele><time>2026-09-21T06:40:40Z</time></trkpt>
      <trkpt lat="33.190945" lon="131.270858"><ele>864.0</ele><time>2026-09-21T06:40:43Z</time></trkpt>
      <trkpt lat="33.190935" lon="131.270423"><ele>863.8</ele><time>2026-09-21T06:40:47Z</time></trkpt>
      <trkpt lat="33.191325" lon="131.269695"><ele>862.8</ele><time>2026-09-21T06:40:55Z</time></trkpt>
      <trkpt lat="33.193250" lon="131.267305"><ele>859.0</ele><time>2026-09-21T06:41:32Z</time></trkpt>
      <trkpt lat="33.193793" lon="131.266712"><ele>858.2</ele><time>2026-09-21T06:41:41Z</time></trkpt>
      <trkpt lat="33.195217" lon="131.265623"><ele>854.4</ele><time>2026-09-21T06:42:01Z</time></trkpt>
      <trkpt lat="33.195726" lon="131.264676"><ele>858.6</ele><time>2026-09-21T06:42:19Z</time></trkpt>
      <trkpt lat="33.195945" lon="131.263850"><ele>864.4</ele><time>2026-09-21T06:43:05Z</time></trkpt>
      <trkpt lat="33.196599" lon="131.262879"><ele>871.0</ele><time>2026-09-21T06:44:14Z</time></trkpt>
      <trkpt lat="33.196938" lon="131.262013"><ele>873.8</ele><time>2026-09-21T06:45:00Z</time></trkpt>
      <trkpt lat="33.197127" lon="131.260341"><ele>876.0</ele><time>2026-09-21T06:45:55Z</time></trkpt>
      <trkpt lat="33.197055" lon="131.259810"><ele>877.8</ele><time>2026-09-21T06:48:04Z</time></trkpt>
      <trkpt lat="33.197094" lon="131.259863"><ele>877.8</ele><time>2026-09-21T06:48:19Z</time></trkpt>
      <trkpt lat="33.197031" lon="131.259848"><ele>877.8</ele><time>2026-09-21T06:48:38Z</time></trkpt>
      <trkpt lat="33.197128" lon="131.259873"><ele>877.8</ele><time>2026-09-21T06:49:00Z</time></trkpt>
      <trkpt lat="33.196980" lon="131.259816"><ele>878.0</ele><time>2026-09-21T06:50:57Z</time></trkpt>
      <trkpt lat="33.197006" lon="131.259767"><ele>878.0</ele><time>2026-09-21T06:51:12Z</time></trkpt>
      <trkpt lat="33.197111" lon="131.259844"><ele>878.6</ele><time>2026-09-21T06:52:08Z</time></trkpt>
      <trkpt lat="33.197061" lon="131.259853"><ele>877.8</ele><time>2026-09-21T06:52:19Z</time></trkpt>
      <trkpt lat="33.196952" lon="131.258952"><ele>883.6</ele><time>2026-09-21T06:53:28Z</time></trkpt>
      <trkpt lat="33.196807" lon="131.258477"><ele>887.0</ele><time>2026-09-21T06:53:53Z</time></trkpt>
      <trkpt lat="33.196834" lon="131.256415"><ele>897.0</ele><time>2026-09-21T06:55:40Z</time></trkpt>
      <trkpt lat="33.196380" lon="131.254721"><ele>903.4</ele><time>2026-09-21T06:56:53Z</time></trkpt>
      <trkpt lat="33.196546" lon="131.253400"><ele>905.8</ele><time>2026-09-21T06:57:33Z</time></trkpt>
      <trkpt lat="33.196131" lon="131.251904"><ele>910.4</ele><time>2026-09-21T06:58:16Z</time></trkpt>
      <trkpt lat="33.196214" lon="131.251192"><ele>913.0</ele><time>2026-09-21T06:58:45Z</time></trkpt>
      <trkpt lat="33.196022" lon="131.250745"><ele>913.6</ele><time>2026-09-21T06:58:57Z</time></trkpt>
      <trkpt lat="33.195872" lon="131.250596"><ele>913.8</ele><time>2026-09-21T06:59:03Z</time></trkpt>
      <trkpt lat="33.194214" lon="131.249754"><ele>912.2</ele><time>2026-09-21T06:59:45Z</time></trkpt>
      <trkpt lat="33.193842" lon="131.249729"><ele>911.6</ele><time>2026-09-21T06:59:52Z</time></trkpt>
      <trkpt lat="33.192933" lon="131.250109"><ele>909.8</ele><time>2026-09-21T07:00:06Z</time></trkpt>
      <trkpt lat="33.192426" lon="131.250039"><ele>906.4</ele><time>2026-09-21T07:00:13Z</time></trkpt>
      <trkpt lat="33.191621" lon="131.249404"><ele>902.8</ele><time>2026-09-21T07:00:23Z</time></trkpt>
      <trkpt lat="33.191501" lon="131.248871"><ele>901.2</ele><time>2026-09-21T07:00:27Z</time></trkpt>
      <trkpt lat="33.190997" lon="131.247761"><ele>899.4</ele><time>2026-09-21T07:00:36Z</time></trkpt>
      <trkpt lat="33.190218" lon="131.246344"><ele>895.0</ele><time>2026-09-21T07:00:52Z</time></trkpt>
      <trkpt lat="33.189879" lon="131.245868"><ele>893.4</ele><time>2026-09-21T07:01:00Z</time></trkpt>
      <trkpt lat="33.189424" lon="131.245455"><ele>890.8</ele><time>2026-09-21T07:01:10Z</time></trkpt>
      <trkpt lat="33.188495" lon="131.245065"><ele>886.6</ele><time>2026-09-21T07:02:50Z</time></trkpt>
      <trkpt lat="33.188679" lon="131.245051"><ele>886.2</ele><time>2026-09-21T07:04:00Z</time></trkpt>
      <trkpt lat="33.189355" lon="131.245400"><ele>889.4</ele><time>2026-09-21T07:04:33Z</time></trkpt>
      <trkpt lat="33.189869" lon="131.245820"><ele>891.6</ele><time>2026-09-21T07:05:00Z</time></trkpt>
      <trkpt lat="33.190473" lon="131.246695"><ele>894.4</ele><time>2026-09-21T07:05:37Z</time></trkpt>
      <trkpt lat="33.192047" lon="131.249519"><ele>902.4</ele><time>2026-09-21T07:07:16Z</time></trkpt>
      <trkpt lat="33.192447" lon="131.249962"><ele>906.0</ele><time>2026-09-21T07:07:58Z</time></trkpt>
      <trkpt lat="33.192065" lon="131.249695"><ele>904.8</ele><time>2026-09-21T07:08:11Z</time></trkpt>
      <trkpt lat="33.191730" lon="131.249230"><ele>902.0</ele><time>2026-09-21T07:08:18Z</time></trkpt>
      <trkpt lat="33.190563" lon="131.246893"><ele>896.2</ele><time>2026-09-21T07:08:48Z</time></trkpt>
      <trkpt lat="33.189924" lon="131.245845"><ele>892.4</ele><time>2026-09-21T07:10:07Z</time></trkpt>
      <trkpt lat="33.189961" lon="131.245908"><ele>891.8</ele><time>2026-09-21T07:10:32Z</time></trkpt>
      <trkpt lat="33.189840" lon="131.245886"><ele>891.6</ele><time>2026-09-21T07:14:13Z</time></trkpt>
      <trkpt lat="33.189441" lon="131.245561"><ele>890.6</ele><time>2026-09-21T07:14:26Z</time></trkpt>
      <trkpt lat="33.185022" lon="131.243087"><ele>869.8</ele><time>2026-09-21T07:15:23Z</time></trkpt>
      <trkpt lat="33.183501" lon="131.242284"><ele>871.0</ele><time>2026-09-21T07:15:47Z</time></trkpt>
      <trkpt lat="33.182747" lon="131.241992"><ele>874.6</ele><time>2026-09-21T07:16:11Z</time></trkpt>
      <trkpt lat="33.181946" lon="131.242040"><ele>877.0</ele><time>2026-09-21T07:16:43Z</time></trkpt>
      <trkpt lat="33.181087" lon="131.242294"><ele>879.6</ele><time>2026-09-21T07:17:19Z</time></trkpt>
      <trkpt lat="33.178673" lon="131.243254"><ele>891.0</ele><time>2026-09-21T07:20:06Z</time></trkpt>
      <trkpt lat="33.178193" lon="131.243584"><ele>892.0</ele><time>2026-09-21T07:20:27Z</time></trkpt>
      <trkpt lat="33.177163" lon="131.244505"><ele>896.6</ele><time>2026-09-21T07:21:13Z</time></trkpt>
      <trkpt lat="33.175454" lon="131.245724"><ele>906.6</ele><time>2026-09-21T07:22:57Z</time></trkpt>
      <trkpt lat="33.174407" lon="131.246573"><ele>911.4</ele><time>2026-09-21T07:23:57Z</time></trkpt>
      <trkpt lat="33.173790" lon="131.247404"><ele>913.4</ele><time>2026-09-21T07:24:31Z</time></trkpt>
      <trkpt lat="33.173097" lon="131.249127"><ele>920.8</ele><time>2026-09-21T07:26:45Z</time></trkpt>
      <trkpt lat="33.172648" lon="131.249957"><ele>925.0</ele><time>2026-09-21T07:27:24Z</time></trkpt>
      <trkpt lat="33.172358" lon="131.250206"><ele>925.2</ele><time>2026-09-21T07:27:36Z</time></trkpt>
      <trkpt lat="33.171663" lon="131.250268"><ele>923.6</ele><time>2026-09-21T07:27:59Z</time></trkpt>
      <trkpt lat="33.171601" lon="131.250258"><ele>922.0</ele><time>2026-09-21T07:31:12Z</time></trkpt>
      <trkpt lat="33.171573" lon="131.250098"><ele>920.8</ele><time>2026-09-21T07:31:29Z</time></trkpt>
      <trkpt lat="33.169679" lon="131.248937"><ele>906.8</ele><time>2026-09-21T07:32:11Z</time></trkpt>
      <trkpt lat="33.169411" lon="131.248664"><ele>903.4</ele><time>2026-09-21T07:32:45Z</time></trkpt>
      <trkpt lat="33.168407" lon="131.248039"><ele>898.8</ele><time>2026-09-21T07:33:09Z</time></trkpt>
      <trkpt lat="33.168195" lon="131.247811"><ele>897.4</ele><time>2026-09-21T07:33:14Z</time></trkpt>
      <trkpt lat="33.167904" lon="131.247163"><ele>895.6</ele><time>2026-09-21T07:33:24Z</time></trkpt>
      <trkpt lat="33.167694" lon="131.245700"><ele>891.0</ele><time>2026-09-21T07:33:41Z</time></trkpt>
      <trkpt lat="33.167478" lon="131.245267"><ele>889.4</ele><time>2026-09-21T07:33:48Z</time></trkpt>
      <trkpt lat="33.167195" lon="131.245126"><ele>888.6</ele><time>2026-09-21T07:33:53Z</time></trkpt>
      <trkpt lat="33.166703" lon="131.245146"><ele>888.0</ele><time>2026-09-21T07:34:02Z</time></trkpt>
      <trkpt lat="33.166348" lon="131.245024"><ele>887.2</ele><time>2026-09-21T07:34:09Z</time></trkpt>
      <trkpt lat="33.165557" lon="131.243806"><ele>883.0</ele><time>2026-09-21T07:34:28Z</time></trkpt>
      <trkpt lat="33.164624" lon="131.243372"><ele>879.6</ele><time>2026-09-21T07:34:41Z</time></trkpt>
      <trkpt lat="33.163790" lon="131.242448"><ele>875.2</ele><time>2026-09-21T07:34:55Z</time></trkpt>
      <trkpt lat="33.162815" lon="131.242119"><ele>871.4</ele><time>2026-09-21T07:35:08Z</time></trkpt>
      <trkpt lat="33.162611" lon="131.241971"><ele>870.6</ele><time>2026-09-21T07:35:11Z</time></trkpt>
      <trkpt lat="33.161201" lon="131.240447"><ele>866.0</ele><time>2026-09-21T07:35:39Z</time></trkpt>
      <trkpt lat="33.160829" lon="131.240112"><ele>865.6</ele><time>2026-09-21T07:35:47Z</time></trkpt>
      <trkpt lat="33.160499" lon="131.239956"><ele>865.4</ele><time>2026-09-21T07:35:53Z</time></trkpt>
      <trkpt lat="33.160157" lon="131.239908"><ele>865.2</ele><time>2026-09-21T07:35:59Z</time></trkpt>
      <trkpt lat="33.159778" lon="131.239981"><ele>865.2</ele><time>2026-09-21T07:36:06Z</time></trkpt>
      <trkpt lat="33.157805" lon="131.240851"><ele>866.8</ele><time>2026-09-21T07:36:50Z</time></trkpt>
      <trkpt lat="33.157338" lon="131.241139"><ele>868.6</ele><time>2026-09-21T07:37:12Z</time></trkpt>
      <trkpt lat="33.156759" lon="131.241211"><ele>871.2</ele><time>2026-09-21T07:37:38Z</time></trkpt>
      <trkpt lat="33.156228" lon="131.241113"><ele>873.2</ele><time>2026-09-21T07:38:06Z</time></trkpt>
      <trkpt lat="33.156195" lon="131.240811"><ele>873.2</ele><time>2026-09-21T07:38:17Z</time></trkpt>
      <trkpt lat="33.156047" lon="131.240623"><ele>873.0</ele><time>2026-09-21T07:38:33Z</time></trkpt>
      <trkpt lat="33.155934" lon="131.240603"><ele>873.2</ele><time>2026-09-21T07:39:00Z</time></trkpt>
      <trkpt lat="33.156061" lon="131.240641"><ele>873.2</ele><time>2026-09-21T07:39:25Z</time></trkpt>
      <trkpt lat="33.156159" lon="131.240565"><ele>873.2</ele><time>2026-09-21T07:39:40Z</time></trkpt>
      <trkpt lat="33.156005" lon="131.240523"><ele>872.6</ele><time>2026-09-21T07:40:01Z</time></trkpt>
      <trkpt lat="33.156106" lon="131.240492"><ele>872.2</ele><time>2026-09-21T07:42:08Z</time></trkpt>
      <trkpt lat="33.155985" lon="131.240622"><ele>872.2</ele><time>2026-09-21T07:42:13Z</time></trkpt>
      <trkpt lat="33.156044" lon="131.240869"><ele>872.2</ele><time>2026-09-21T07:42:29Z</time></trkpt>
      <trkpt lat="33.156066" lon="131.240714"><ele>872.2</ele><time>2026-09-21T07:43:23Z</time></trkpt>
      <trkpt lat="33.155968" lon="131.240466"><ele>872.2</ele><time>2026-09-21T07:44:18Z</time></trkpt>
      <trkpt lat="33.156026" lon="131.240575"><ele>872.2</ele><time>2026-09-21T07:44:26Z</time></trkpt>
      <trkpt lat="33.156236" lon="131.240515"><ele>872.4</ele><time>2026-09-21T07:45:18Z</time></trkpt>
      <trkpt lat="33.156149" lon="131.240560"><ele>871.6</ele><time>2026-09-21T07:46:06Z</time></trkpt>
      <trkpt lat="33.156198" lon="131.240589"><ele>871.2</ele><time>2026-09-21T07:46:21Z</time></trkpt>
      <trkpt lat="33.155933" lon="131.240649"><ele>871.4</ele><time>2026-09-21T07:48:29Z</time></trkpt>
      <trkpt lat="33.155872" lon="131.240700"><ele>871.4</ele><time>2026-09-21T07:48:30Z</time></trkpt>
      <trkpt lat="33.155996" lon="131.240612"><ele>871.4</ele><time>2026-09-21T07:49:21Z</time></trkpt>
      <trkpt lat="33.155911" lon="131.240757"><ele>871.4</ele><time>2026-09-21T07:50:00Z</time></trkpt>
      <trkpt lat="33.155997" lon="131.240627"><ele>871.4</ele><time>2026-09-21T07:50:39Z</time></trkpt>
      <trkpt lat="33.155638" lon="131.240930"><ele>872.2</ele><time>2026-09-21T07:51:05Z</time></trkpt>
      <trkpt lat="33.154768" lon="131.240949"><ele>873.8</ele><time>2026-09-21T07:51:38Z</time></trkpt>
      <trkpt lat="33.148255" lon="131.240120"><ele>888.0</ele><time>2026-09-21T07:55:10Z</time></trkpt>
      <trkpt lat="33.145925" lon="131.239853"><ele>901.6</ele><time>2026-09-21T07:57:06Z</time></trkpt>
      <trkpt lat="33.143155" lon="131.239943"><ele>917.0</ele><time>2026-09-21T08:01:45Z</time></trkpt>
      <trkpt lat="33.138335" lon="131.240308"><ele>939.4</ele><time>2026-09-21T08:06:24Z</time></trkpt>
      <trkpt lat="33.138260" lon="131.240370"><ele>939.8</ele><time>2026-09-21T08:06:55Z</time></trkpt>
      <trkpt lat="33.136962" lon="131.240093"><ele>947.6</ele><time>2026-09-21T08:09:18Z</time></trkpt>
      <trkpt lat="33.134879" lon="131.238828"><ele>962.0</ele><time>2026-09-21T08:12:19Z</time></trkpt>
      <trkpt lat="33.134297" lon="131.238263"><ele>967.8</ele><time>2026-09-21T08:13:18Z</time></trkpt>
      <trkpt lat="33.134087" lon="131.237954"><ele>970.8</ele><time>2026-09-21T08:13:41Z</time></trkpt>
      <trkpt lat="33.133681" lon="131.236995"><ele>973.4</ele><time>2026-09-21T08:14:31Z</time></trkpt>
      <trkpt lat="33.133243" lon="131.234589"><ele>968.8</ele><time>2026-09-21T08:15:08Z</time></trkpt>
      <trkpt lat="33.132992" lon="131.234002"><ele>972.8</ele><time>2026-09-21T08:15:19Z</time></trkpt>
      <trkpt lat="33.131867" lon="131.232298"><ele>977.6</ele><time>2026-09-21T08:16:36Z</time></trkpt>
      <trkpt lat="33.130716" lon="131.229360"><ele>982.8</ele><time>2026-09-21T08:18:23Z</time></trkpt>
      <trkpt lat="33.130365" lon="131.228700"><ele>988.0</ele><time>2026-09-21T08:18:54Z</time></trkpt>
      <trkpt lat="33.129811" lon="131.228274"><ele>992.4</ele><time>2026-09-21T08:19:54Z</time></trkpt>
      <trkpt lat="33.129525" lon="131.228161"><ele>994.2</ele><time>2026-09-21T08:20:40Z</time></trkpt>
      <trkpt lat="33.129171" lon="131.228164"><ele>997.0</ele><time>2026-09-21T08:21:13Z</time></trkpt>
      <trkpt lat="33.126691" lon="131.228844"><ele>1015.6</ele><time>2026-09-21T08:25:13Z</time></trkpt>
      <trkpt lat="33.126284" lon="131.228719"><ele>1017.4</ele><time>2026-09-21T08:25:32Z</time></trkpt>
      <trkpt lat="33.126195" lon="131.228157"><ele>1016.8</ele><time>2026-09-21T08:25:52Z</time></trkpt>
      <trkpt lat="33.126109" lon="131.228058"><ele>1016.8</ele><time>2026-09-21T08:25:57Z</time></trkpt>
      <trkpt lat="33.125676" lon="131.228132"><ele>1015.4</ele><time>2026-09-21T08:26:13Z</time></trkpt>
      <trkpt lat="33.125444" lon="131.228072"><ele>1014.4</ele><time>2026-09-21T08:26:47Z</time></trkpt>
      <trkpt lat="33.125349" lon="131.227960"><ele>1014.6</ele><time>2026-09-21T08:27:59Z</time></trkpt>
      <trkpt lat="33.125249" lon="131.227982"><ele>1014.6</ele><time>2026-09-21T08:29:05Z</time></trkpt>
    </trkseg>
  </trk>
</gpx>
